,objnum,sedfnname,sedtype,obj,ra_psf,dec_psf,g_psf,r_psf,i_psf,z_psf,y_psf,sg_psf,sr_psf,si_psf,sz_psf,sy_psf,g_r_psf,z_y_psf,sig_g_r_psf,sig_z_y_psf,sizecode_psf,ra_ap,dec_ap,g_ap,r_ap,i_ap,z_ap,y_ap,sg_ap,sr_ap,si_ap,sz_ap,sy_ap,g_r_ap,z_y_ap,sig_g_r_ap,sig_z_y_ap,sizecode_ap
0,64,pickles_uk_53.fits,G0IV,64.0,122.45894093286658,-36.20340961461874,15.777670803762788,15.297369652111747,15.071238281862689,14.976902827914936,14.992761572371176,0.0216926252419609,0.020236038454102,0.0148940673993711,0.0294712152457305,0.0461507917165388,0.4803011516510409,-0.0158587444562403,0.0296659272938511,0.0547580871116178,26.154858604253217,122.45894093286658,-36.20340961461874,15.769230240583642,15.281390045686852,15.056974385740704,14.963003471603738,14.96604626262278,0.0178318843446865,0.0145189782159052,0.0158103769367874,0.0161774727483788,0.0423273366785786,0.4878401948967905,-0.0030427910190429,0.0229951479168151,0.0453135085247908,53.69965283962621
1,97,pickles_uk_95.fits,M0III,97.0,122.4432397237376,-36.188544185439625,16.445282330786803,15.197286608680226,14.5575505482318,14.212337671275426,14.017652152923542,0.0258596121987617,0.0205123875618558,0.0191481881894776,0.0286284922371104,0.0335613584467954,1.2479957221065767,0.1946855183518838,0.0330072353667817,0.0441129839000331,64.38311643622869,122.4432397237376,-36.188544185439625,16.446902264968124,15.18941357924484,14.539192248561044,14.20164721899485,14.01225630830437,0.0260349780007179,0.0135483664305124,0.0124665945644962,0.0123770633746972,0.0317657461533284,1.2574886857232848,0.1893909106904807,0.0293492472208965,0.0340918513204984,129.83527810051498
2,101,pickles_uk_58.fits,K1IV,101.0,122.55880218857124,-36.18412322372538,14.70368643189339,13.661006613727166,13.141517816279606,12.92312382634134,12.840352488493076,0.0209743269897636,0.0185819472823346,0.0147200712949722,0.0200800514756662,0.0484111079602662,1.0426798181662242,0.0827713378482659,0.0280216194656374,0.0524103409758605,128.84380868293297,122.55880218857124,-36.18412322372538,14.686562927850428,13.639591763689562,13.118161870932196,12.903609902827382,12.81150121619346,0.013577032707217,0.0093543697823789,0.0161514277282277,0.0115924023322031,0.034385461589853,1.0469711641608654,0.0921086866339226,0.0164875726278408,0.0362869640584457,259.6390097172618
3,108,pickles_uk_13.fits,A7V,108.0,122.47659165280798,-36.16895438784173,13.855750091430306,13.13332173999266,12.888260337147434,12.78089732064985,12.791457254873126,0.0241526094488054,0.0253241685599213,0.022349088452409,0.0345946464226954,0.0357394969091276,0.7224283514376459,-0.0105599342232771,0.0349951719018186,0.0497403377594971,135.95513396750755,122.47659165280798,-36.16895438784173,13.84635190159019,13.121421720594777,12.864262623060922,12.767248020854078,12.786834556708415,0.0097847912543194,0.0117358885752509,0.0178508684735634,0.0107461521207159,0.0295348098129143,0.724930180995413,-0.0195865358543372,0.0152798305141552,0.0314290435121177,273.2751979145922
4,109,pickles_uk_67.fits,A5III,109.0,122.55654919126042,-36.13840355962648,15.638634622370738,15.116135308201702,14.870492938706647,14.8040294370695,14.853749115078145,0.0219909592548152,0.034463915852176,0.0167078186894562,0.0343134021218157,0.0547192124921166,0.5224993141690355,-0.0497196780086461,0.0408823162848292,0.0645879383548572,34.798528146525065,122.55654919126042,-36.13840355962648,15.635070118395689,15.113755052509164,14.86676083372793,14.807542033789932,14.857428666924616,0.0186634092817113,0.0154094883083567,0.0166584964076458,0.019196034555211,0.0507365218784365,0.5213150658865242,-0.0498866331346832,0.0242027927302212,0.0542464966146748,69.24579662100676
5,111,pickles_uk_55.fits,G5IV,111.0,122.46749877605886,-36.19818249895439,15.854061450139444,15.31305680873256,15.04693506034966,14.935964470831337,14.927752808157638,0.0215247392033497,0.0223036956490454,0.0181006771382798,0.031196502339043,0.0493895290499912,0.5410046414068823,0.0082116626736983,0.030996277798753,0.0584170124019523,28.20177645843316,122.46749877605886,-36.19818249895439,15.842720157089516,15.297186653501916,15.035247664720142,14.916653266648966,14.912804149528752,0.0178767153253057,0.0157175837974109,0.0151812934368693,0.0156655488388952,0.0367149940467299,0.545533503587599,0.0038491171202146,0.0238037684254123,0.0399174173547741,58.33467333510338
6,118,pickles_uk_125.fits,G2I,118.0,122.56597439898287,-36.1777670603112,15.705003578798898,15.325466167616751,15.10832277270408,15.00914981929886,14.988840115615142,0.0230409225326286,0.0246918302685363,0.0206996488625201,0.0342455548511698,0.0451850269305366,0.3795374111821452,0.0203097036837185,0.0337723347307349,0.0566960729308283,24.54250903505697,122.56597439898287,-36.1777670603112,15.696560155808616,15.32105423860182,15.106079636094606,15.00425521502025,14.971651509377484,0.0199009252670884,0.0176141350311158,0.0148960505375128,0.019999343027086,0.0381198073156594,0.3755059172067945,0.0326037056427654,0.0265763913912446,0.043047571723595,49.57447849797507
7,123,pickles_uk_37.fits,K7V,123.0,122.53213626779984,-36.20982110011813,15.41089354444806,14.169070026111877,13.574203012345365,13.305426129759752,13.174151816007768,0.0223476676183448,0.0209137155466931,0.0212998833654999,0.0254585961752491,0.0416591258215745,1.2418235183361848,0.1312743137519838,0.0306072172199305,0.0488223604860743,109.7286935120124,122.53213626779984,-36.20982110011813,15.424983087058727,14.170302017732464,13.575189600256724,13.304485432067112,13.168928553457128,0.0160399063813861,0.0116077556482747,0.0183552680918559,0.0115283456945431,0.0328639313462036,1.2546810693262636,0.1355568786099841,0.0197994592833664,0.0348272987465418,219.5514567932888
8,131,pickles_uk_11.fits,A3V,131.0,122.57356119919478,-36.1780034305056,14.336623860803096,14.06316547789359,13.948258517131627,13.957574417343714,14.06382803148367,0.0235453712081253,0.0279121877290844,0.0212092739108813,0.0366907327055631,0.0677888595871879,0.2734583829095065,-0.1062536141399554,0.0365167732576698,0.0770813813485628,77.12127913281428,122.57356119919478,-36.1780034305056,14.325005269044382,14.055877858415917,13.94087855871095,13.95014770479712,14.052386536456664,0.0152988168962728,0.0142261981683519,0.013351429653623,0.0163609287863072,0.0414181052376281,0.2691274106284673,-0.1022388316595446,0.0208911108548804,0.0445324536964432,154.98522952028804
9,141,pickles_uk_13.fits,A7V,141.0,122.5134670184706,-36.19938833656411,15.406302311314262,14.671019539647885,14.384671853248715,14.27063829674158,14.285009363972808,0.021577465679446,0.0222003348341191,0.0190037292101561,0.021975982878352,0.0486772294559394,0.7352827716663768,-0.0143710672312273,0.0309587126976345,0.0534080189763279,61.46808516292097,122.5134670184706,-36.19938833656411,15.400030800283515,14.66127975110406,14.365704081272924,14.252308451163806,14.269570050959413,0.0172612628337323,0.0146094176709496,0.0115671023598579,0.0154976235718654,0.0407321082852143,0.7387510491794558,-0.0172615997956064,0.0226138514919383,0.043580740949801,124.7691548836194
10,150,pickles_uk_93.fits,K5III,150.0,122.47244728327304,-36.14029808762361,14.959603954110118,13.567745438735155,12.861610859255029,12.52133236662456,12.318366827057227,0.0262053554998331,0.0309071168166992,0.0287566209182448,0.0236753819769759,0.0402623134499255,1.3918585153749632,0.2029655395673302,0.040521235504285,0.0467073612623938,148.93338166877203,122.47244728327304,-36.14029808762361,14.961924598670816,13.5472789019115,12.84353352918994,12.505915166708336,12.311496372266792,0.0114909602398408,0.0116098999641328,0.0194295894731823,0.0089511346757711,0.0303886750035704,1.4146456967593153,0.1944187944415443,0.0163349914114081,0.0316795577692684,299.4084833291664
11,159,pickles_uk_123.fits,F8I,159.0,122.56210340125511,-36.21080076132043,15.829870913444468,15.211115809724474,14.865053110538454,14.740589033127575,14.734420961636784,0.0217433274131332,0.0263288544819278,0.0255849168847942,0.0229516956187078,0.0501255963069887,0.6187551037199945,0.0061680714907925,0.0341464619737571,0.0551303522291035,37.97054834362123,122.56210340125511,-36.21080076132043,15.824639565398009,15.198751441763342,14.84623595595584,14.727240031039791,14.718173474247898,0.0194819517959567,0.014534712206262,0.0168998163235154,0.0157899529585938,0.044563723482724,0.6258881236346667,0.0090665567918932,0.024306466314519,0.0472784101369673,77.27599689602087
12,175,pickles_uk_122.fits,F5I,175.0,122.42323543220208,-36.18825990520626,15.56438459626116,15.164204960800795,14.96614771980006,14.887449299881002,14.899435457417836,0.0280513080734085,0.025674831931811,0.027598475553446,0.0279827529835138,0.0307510867598927,0.400179635460363,-0.0119861575368336,0.0380272649470878,0.0415772029055683,30.627535005949905,122.42323543220208,-36.18825990520626,15.557129048221787,15.16186655035902,14.963086428656256,14.88426481742507,14.893810551852242,0.0140530210627696,0.0144021812559605,0.0215417901488319,0.0140026283864193,0.0394979563661486,0.3952624978627685,-0.0095457344271725,0.020122381218936,0.0419065884895244,61.57351825749302
13,180,pickles_uk_94.fits,rK5III,180.0,122.4324463333783,-36.1806987624894,15.472063898802976,14.316941273431418,13.748660085136615,13.45748330092693,13.306783050489276,0.0310674611811047,0.0215395301989674,0.0258490031331153,0.0376937441209654,0.0714583786487944,1.1551226253715576,0.1507002504376533,0.0378039482783436,0.0807905825265005,102.12583495365352,122.4324463333783,-36.1806987624894,15.475549499783016,14.308972203518254,13.733098058843352,13.449870693223527,13.306553993558277,0.0125634673099625,0.0111265470029181,0.0246252025758443,0.009985133543208,0.0288175351627495,1.1665772962647625,0.1433166996652524,0.0167821559716456,0.0304984134789337,205.0129306776473
14,201,pickles_uk_14.fits,F0V,201.0,122.50662252152624,-36.17634469541338,15.740949724883883,15.12663432804401,14.89921026485096,14.811261334063056,14.84457380261436,0.0229652475507652,0.0337973046262602,0.0245713969133646,0.0405472548996451,0.050373246155603,0.6143153968398725,-0.0333124685513066,0.0408614781312199,0.0646648575978465,34.43693329684727,122.50662252152624,-36.17634469541338,15.73857084333606,15.121020554855027,14.878951452609492,14.803399358004324,14.834675051222028,0.0169016528888551,0.0137777237089625,0.0163421977981077,0.0169407564011288,0.0470310839053187,0.6175502884810324,-0.0312756932177027,0.0218057685252287,0.0499891196236893,69.66006419956744
15,204,pickles_uk_37.fits,K7V,204.0,122.5065347049896,-36.14585338874767,15.70348486381764,15.092022104382435,14.735782532054,14.51925298033602,14.397173963630404,0.0222655924027062,0.0685364104835367,0.0194948521571744,0.0449647476051437,0.0453654495703975,0.611462759435204,0.1220790167056176,0.0720624463018797,0.0638737234073493,49.03735098319899,122.5065347049896,-36.14585338874767,15.697978720889129,15.080308373638786,14.728636248964516,14.517008579535696,14.395984439999436,0.0172846562070881,0.0160280345317187,0.0190483107732901,0.0142475217553672,0.0442521266899658,0.6176703472503426,0.1210241395362619,0.0235723828058853,0.0464891664020172,98.29914204643036
16,217,pickles_uk_29.fits,rG5V,217.0,122.58436828301154,-36.1561010455529,15.582938488111791,15.043268999181784,14.724719916444547,14.588655570310118,14.54748376635856,0.022020253662517,0.0338478712091316,0.0223440356922603,0.0367706723550239,0.0902207517034994,0.5396694889300093,0.041171803951558,0.0403803164518501,0.0974262099405751,45.56722148449408,122.58436828301154,-36.1561010455529,15.579949109094365,15.038630673524116,14.722621297117293,14.589907038877366,14.550392111518986,0.0162179783115689,0.0128567496847394,0.0191563633246364,0.0149571869345887,0.0450207179710825,0.5413184355702487,0.039514927358379,0.0206958651177129,0.0474403044639047,91.00929611226346
17,244,pickles_uk_65.fits,A0III,244.0,122.50713671425127,-36.09783728813559,15.304056779089224,14.93484986871879,14.762610300254584,14.7527461529524,14.818046572596227,0.0222038536782475,0.0690700045476351,0.0110054541435411,0.069141759468099,0.0793957974937807,0.3692069103704352,-0.065300419643826,0.0725512001718467,0.1052818862008935,37.362692352379945,122.50713671425127,-36.09783728813559,15.296677277480557,14.921446055168522,14.741265303869266,14.733906594489913,14.8136979607616,0.0123034567825531,0.0137029263019543,0.013329429510084,0.0139935234405482,0.0519532532789686,0.3752312223120349,-0.0797913662716869,0.0184158963408503,0.05380482529058,76.60934055100874
18,257,pickles_uk_84.fits,K2III,257.0,122.4767057366146,-36.132520397752266,15.200160663459584,14.64368105827765,14.321275023295366,14.148868598581208,14.059460061662003,0.021606387519434,0.0315987879376101,0.0245761039457292,0.0262400615023444,0.0477173363193421,0.5564796051819343,0.0894085369192048,0.0382794903409908,0.0544562669769057,67.5565700709396,122.4767057366146,-36.132520397752266,15.185984227717883,14.622744964534448,14.31158553546046,14.135296961821007,14.051443397152962,0.0105041750539598,0.0140109398065155,0.0161549374471175,0.0131135910021878,0.038336029748794,0.5632392631834371,0.0838535646680469,0.0175112571743445,0.0405168785307195,136.4703038178991
19,262,pickles_uk_11.fits,A3V,262.0,122.4650518376734,-36.20220578232441,13.618701648614405,13.474430766284083,13.435971482774692,13.44245318554984,13.527124030051311,0.0206933783574764,0.0221654486855706,0.02126859905896,0.0342269087847245,0.0455408483550881,0.1442708823303213,-0.0846708445014705,0.030323638028415,0.056968852488522,102.87734072250797,122.4650518376734,-36.20220578232441,13.606047463232985,13.45975409773058,13.43032986567232,13.432916724301307,13.529592884102325,0.0125260319661561,0.0135217661215641,0.0138437913086233,0.01045882685556,0.0273028609426342,0.1462933655024034,-0.0966761598010172,0.0184320274485321,0.0292375319554747,206.70832756986923
20,272,pickles_uk_109.fits,F2II,272.0,122.58011898232212,-36.150032013232114,14.33340838535108,13.989264711909913,13.777700586683014,13.695299759473537,13.675007876323566,0.0188074580120327,0.0459750265881063,0.0137711655917736,0.037996193390121,0.078980713406442,0.3441436734411667,0.0202918831499694,0.0496731672701817,0.0876451014166223,90.23501202632325,122.58011898232212,-36.150032013232114,14.324117639759653,13.98326327160908,13.76867127740638,13.694175519169258,13.67992224632796,0.0121373360955047,0.0078389305876923,0.0108097561940726,0.0111799109010899,0.0388659266652929,0.3408543681505733,0.014253272841298,0.014448659462175,0.0404419418834981,180.58244808307415
21,308,pickles_uk_54.fits,G2IV,308.0,122.41228270405348,-36.18619152840608,15.466607899153836,14.919415215742925,14.683280213926649,14.54596802159223,14.533801652475804,0.0291976683388092,0.0233304900569233,0.0329595333207057,0.0628057236762278,0.0755376348014593,0.5471926834109127,0.0121663691164268,0.0373739963439729,0.0982369238010501,47.70159892038848,122.41228270405348,-36.18619152840608,15.46724963103904,14.915648492562052,14.65495295474809,14.539737145143349,14.53407213287881,0.0114231951893651,0.0100613164245564,0.0177627384109487,0.0106996533835622,0.0298329554671849,0.5516011384769879,0.0056650122645383,0.0152223347923169,0.031693655744256,96.02628548566514
22,346,pickles_uk_48.fits,A0IV,346.0,122.55761020097307,-36.23734188494892,13.78402734989364,13.396295521902594,13.256941545569216,13.24006585551536,13.33263005804976,0.0200645568512811,0.1098887701460198,0.0109008701127719,0.0282088162487426,0.0460877500604166,0.3877318279910451,-0.0925642025343993,0.1117055425923131,0.0540353404707212,112.99670722423194,122.55761020097307,-36.23734188494892,13.78789753419563,13.3962385707812,13.247430473817744,13.248751600281732,13.337623517322085,0.010302584626049,0.0096248554006518,0.0112915747317531,0.0093138552547289,0.0329766094554741,0.3916589634144287,-0.0888719170403522,0.0140989748372127,0.0342666699707588,225.1248399718268
23,369,pickles_uk_67.fits,A5III,369.0,122.50651512901844,-36.13225103937116,15.300275385033416,14.6971781155111,14.458162673158624,14.402482491590298,14.444792069910651,0.0221022421681004,0.0199322647325038,0.024510362123398,0.0235228674101559,0.0550324461548487,0.6030972695223156,-0.0423095783203528,0.0297624643842537,0.0598489383446531,54.87587542048509,122.50651512901844,-36.13225103937116,15.29239676563258,14.676972734707968,14.45312932640087,14.381001401814984,14.437153204049624,0.0121830278260925,0.011927326550123,0.0234895897476316,0.0130451724794482,0.0411877012656368,0.6154240309246131,-0.0561518022346394,0.0170495538253825,0.0432042042001226,111.89985981850155
24,385,pickles_uk_130.fits,K4I,385.0,122.44238918360796,-36.1777514035144,16.31874160168124,15.0108459659497,14.355431229198455,14.055204765082689,13.882384286618182,0.0277122009928518,0.0207618673010107,0.0193926119209074,0.0330694024099566,0.0331213600571374,1.3078956357315406,0.1728204784645068,0.0346268857637096,0.0468039514120996,72.23976174586556,122.44238918360796,-36.1777514035144,16.30438912832851,14.98860874198236,14.337709943244608,14.028045389349572,13.859883558241153,0.0254163520331244,0.0122489913001131,0.016428238029451,0.01415682457118,0.0315449052965126,1.315780386346148,0.1681618311084189,0.0282139812600412,0.0345759559825194,147.19546106504282
25,392,pickles_uk_65.fits,A0III,392.0,122.55348041669046,-36.25053035257505,14.348143388766967,13.873195707482694,13.722604573938398,13.702332232237552,13.782720386507954,0.0256533498665084,0.0292787302013269,0.0089789934430404,0.0325534620566692,0.041870668854126,0.4749476812842736,-0.0803881542704019,0.0389273477336381,0.0530365987047329,89.8833883881224,122.55348041669046,-36.25053035257505,14.346969165079644,13.87191422082184,13.724128584443338,13.70250111751311,13.783151372045197,0.0128952909945778,0.0092149305530928,0.0142230072302848,0.0118481992127804,0.0285220157985468,0.4750549442578045,-0.0806502545320864,0.0158493998287999,0.0308850321320584,179.749888248689
26,414,pickles_uk_127.fits,G8I,414.0,122.43620951496662,-36.09603949893295,15.765970437783997,15.165334183138963,14.827558448036289,14.67431637779432,14.59038133786084,0.0168134096422923,0.0202448061412862,0.0161030801453888,0.095612055247407,0.07809663636247,0.6006362546450337,0.0839350399334808,0.0263162102039368,0.1234534313810883,41.28418111028402,122.43620951496662,-36.09603949893295,15.757321715989915,15.147238738894378,14.811052421718928,14.653199705202848,14.580633373042144,0.0136598569816085,0.0132820583354072,0.0136732065105655,0.0118264078400876,0.0410295904538218,0.6100829770955372,0.0725663321607044,0.0190526839679652,0.0427000142296045,84.6800294797152
27,433,pickles_uk_66.fits,A3III,433.0,122.60365405252652,-36.20204652305915,15.206659362919286,14.723644864695933,14.48812647619933,14.437266039737654,14.492236719248613,0.0252633051717254,0.0408887413313554,0.0129808414252922,0.0294028139037137,0.0556540627508794,0.4830144982233548,-0.0549706795109585,0.0480637467938385,0.0629436268905378,53.13669801311729,122.60365405252652,-36.20204652305915,15.204249000661935,14.707358793690185,14.473034742893086,14.427806672460664,14.491195545071914,0.0139247107069569,0.0129494336453635,0.0121910619504686,0.0143577389466936,0.0369166646799867,0.4968902069717522,-0.0633888726112505,0.0190153990231105,0.0396104127566979,107.21933275393366
28,440,pickles_uk_11.fits,A3V,440.0,122.61374646493172,-36.208323845290366,14.502407763053824,14.225089896757138,14.10180292503427,14.095002816387854,14.198870605854362,0.0253732430624109,0.0367406872441808,0.0309208839943909,0.0390181905240354,0.0454780396788872,0.277317866296686,-0.1038677894665074,0.0446506389951912,0.0599222102796982,70.24985918060729,122.61374646493172,-36.208323845290366,14.483233545867195,14.185703304591438,14.041153206201058,14.038695656410724,14.140265159965574,0.0168659375968697,0.0200191237440326,0.0199742790121306,0.0192780988329544,0.0405932735040789,0.2975302412757568,-0.1015695035548507,0.0261768058880451,0.0449383905852236,146.13043435892763
29,460,pickles_uk_67.fits,A5III,460.0,122.51555040839357,-36.08038215468096,15.65378373100449,15.19590975341124,15.006315532142626,14.96774156590683,15.016895911154116,0.0237232782476361,0.0453434022203372,0.01075689503456,0.0410305635168272,0.06560441188296,0.4578739775932501,-0.0491543452472882,0.0511743886698224,0.0773785887763369,26.612921704658543,122.51555040839357,-36.08038215468096,15.645785851030736,15.17334808767751,14.965331595255533,14.923063488792137,14.980784036033596,0.0188075161792232,0.0175735547930472,0.0141625373149419,0.0180419459419513,0.0503753205119739,0.4724377633532253,-0.0577205472414625,0.0257400950444239,0.05350873508182,57.69365112078653
30,468,pickles_uk_25.fits,rG0V,468.0,122.46791708861198,-36.24317985566378,13.69161402037793,13.45434293554342,13.300912015666608,13.21364007506376,13.186400092714331,0.0217733630720325,0.0262804337817324,0.0261978491112103,0.0496408095972073,0.0393445870689088,0.2372710848345089,0.0272399823494282,0.0341282952873796,0.0633419806217735,114.31799624681204,122.46791708861198,-36.24317985566378,13.679268208216362,13.439388801985064,13.288983420092922,13.198769885775553,13.172372669785588,0.0132952845184659,0.0161384797771266,0.0196210134744678,0.0114715698107532,0.0293273626631465,0.2398794062312976,0.026397215989963,0.0209096896185401,0.0314911275552131,230.1230114224449
31,470,pickles_uk_70.fits,F2III,470.0,122.51590542881526,-36.15600732295299,14.546817777592643,14.240100190342227,14.070187009337996,14.006906510554495,14.008693077436602,0.0204365053673445,0.0199398705334039,0.0077991911336776,0.0198932649938727,0.0338425912592904,0.3067175872504144,-0.0017865668821066,0.0285525688602341,0.0392563749633081,74.65467447227523,122.51590542881526,-36.15600732295299,14.530838587860336,14.227606116717606,14.043926836536862,13.993008313069978,13.997266254276992,0.0139359809357936,0.0134937979181564,0.0147289124641143,0.0128381809068145,0.0363270053674643,0.3032324711427314,-0.0042579412070136,0.0193983026808751,0.0385288230804404,150.69916869300215
32,478,pickles_uk_66.fits,A3III,478.0,122.56797123248536,-36.15038758656589,15.114800013759908,14.64162690466037,14.476303144740331,14.411304258620248,14.482329876353866,0.0198239396988727,0.0190139687761169,0.0209318972645475,0.0324990961945918,0.0548253103918057,0.4731731090995374,-0.0710256177336177,0.0274685200512094,0.0637338678649207,54.43478706898759,122.56797123248536,-36.15038758656589,15.10178407090958,14.619215225713774,14.428359010840694,14.376802171108078,14.44504863438546,0.0169699895325423,0.0150499562658034,0.0108735124392213,0.0131331708177407,0.0444325471975109,0.4825688451958072,-0.0682464632773811,0.0226821896724543,0.0463328331336104,112.31978288919215
33,489,pickles_uk_81.fits,K1III,489.0,122.53111512113168,-36.162795188451945,15.596580685021486,14.949005396203477,14.592830542110352,14.422977553987891,14.339696764792611,0.023750659277855,0.0169178384294302,0.018651387238181,0.0161326417235241,0.0408060167614958,0.6475752888180093,0.08328078919528,0.0291600252615986,0.0438793018736519,53.85112230060543,122.53111512113168,-36.162795188451945,15.551808160357334,14.898193263482508,14.552417695840704,14.365760292961996,14.280031846442096,0.0156297742876271,0.0124031143220999,0.0169316391379415,0.013536038682956,0.0380587869083104,0.6536148968748261,0.0857284465198997,0.0199531222912418,0.0403942521178282,113.42397070380042
34,523,pickles_uk_24.fits,wG0V,523.0,122.49535468698458,-36.12991660337622,13.179311691716787,12.881949120680028,12.684985691328992,12.638662468326752,12.62508766981452,0.0237504290984307,0.0247926817186974,0.0281820441474673,0.0473983118601945,0.0420379382519457,0.2973625710367589,0.0135747985122325,0.0343330736923483,0.0633544648755765,143.06687658366232,122.49535468698458,-36.12991660337622,13.146537433264768,12.845649025222066,12.66783677100218,12.60981176609501,12.596940229355546,0.0112631943822968,0.0142575430436229,0.0130937377375641,0.011970224192014,0.0345008797800149,0.3008884080427023,0.012871536739464,0.0181696747723828,0.0365184470206787,289.018823390499
35,526,pickles_uk_12.fits,A5V,526.0,122.44162677899118,-36.24691808323041,15.44149307398185,14.999118772451606,14.84322357553144,14.772835233110907,14.821487102486955,0.0210864773682594,0.0268580135987311,0.0074494120273355,0.0705241611825802,0.059874242097298,0.4423743015302435,-0.048651869376048,0.0341466311994571,0.0925126055045063,36.35823834445464,122.44162677899118,-36.24691808323041,15.431315365038891,14.9876602795252,14.817232117534951,14.76921574262148,14.814499839935973,0.0133846369166449,0.0106845532097212,0.0087248097087624,0.0145247203718259,0.0386748658783151,0.44365508551369,-0.045284097314493,0.0171262425149762,0.041312380137017,73.07842573785202
36,527,pickles_uk_94.fits,rK5III,527.0,122.53500300463432,-36.25625573299832,15.274288118867512,14.05337218900489,13.44015733286472,13.15563113707814,13.021943076829547,0.0269265721152146,0.0293051761850112,0.0149894105571333,0.0261577692294569,0.035778149307055,1.2209159298626222,0.133688060248593,0.0397974074169462,0.044320479001241,117.21844314609298,122.53500300463432,-36.25625573299832,15.27965835370409,14.047728247736051,13.419316411385726,13.15693160075347,13.008985855752815,0.0134016164584088,0.0106309911907807,0.0192001609817529,0.0126492641669513,0.0265909911683065,1.231930105968038,0.1479457450006549,0.0171061771707402,0.0294463018947758,234.306839924653
37,538,pickles_uk_17.fits,wF5V,538.0,122.4403013516978,-36.225329186129954,12.810386632608871,12.805113351022689,12.80904982607676,12.801500463600863,12.830118344333258,0.189087523075045,0.0220233735268437,0.0249521669443847,0.0394436926661417,0.0377079609697307,0.0052732815861844,-0.0286178807323942,0.1903657541790502,0.0545682619444286,134.92497681995684,122.4403013516978,-36.225329186129954,12.793544626162962,12.792785606127008,12.80249497224393,12.791209705374628,12.835324382752685,0.0134016975042283,0.0110795402176883,0.0231883559056481,0.0092360843055236,0.0240458908216507,0.0007590200359537,-0.0441146773780563,0.0173885510445872,0.0257586901589635,270.8790294625372
38,545,pickles_uk_67.fits,A5III,545.0,122.42873664678002,-36.25216890925029,14.485780449342364,14.028413210394792,13.8530368766415,13.807848021717074,13.830591921816044,0.0274562905790249,0.0246564854683089,0.0103095388291107,0.0533986966660816,0.0671432359152061,0.4573672389475725,-0.0227439000989697,0.0369024412201792,0.0857883146751423,84.60759891414628,122.42873664678002,-36.25216890925029,14.478014631304331,14.011221892669615,13.828096783454477,13.79595916851963,13.849589048069625,0.00691436025816,0.0104141193274675,0.0240019288609065,0.0085436976571893,0.0273364366787682,0.4667927386347159,-0.0536298795499945,0.0125004903562363,0.0286404528586712,170.404083148037
39,550,pickles_uk_21.fits,wF8V,550.0,122.44768675804008,-36.22099625632654,14.918728500893568,14.588117157929595,14.40202320382811,14.320583095793872,14.33532357607207,0.0543677535983984,0.025594840573027,0.0194059492991821,0.0546707568889182,0.1162092046469474,0.330611342963973,-0.0147404802781974,0.0600911681971222,0.1284269087982861,58.97084521030634,122.44768675804008,-36.22099625632654,14.905478083335328,14.574188568195282,14.398223010845204,14.3105072187468,14.334589225778265,0.0110196127051742,0.0099172047150275,0.0243492323064026,0.0131957502042289,0.0326085497143461,0.3312895151400461,-0.0240820070314633,0.0148250738120186,0.0351773412571983,118.94927812531986
40,551,pickles_uk_48.fits,A0IV,551.0,122.54926603586826,-36.1032933600446,14.162297725209768,13.874374836661724,13.725380562763236,13.724218485098078,13.805340003713855,0.0418459937782973,0.0853228984984094,0.0102714862329036,0.0385127463740323,0.0719548675528847,0.287922888548044,-0.0811215186157774,0.0950320167283804,0.0816133236538233,88.78907574509611,122.54926603586826,-36.1032933600446,14.148772963376144,13.854099195934117,13.705367896875778,13.707268153129714,13.79275314659311,0.0115481175922602,0.0151942769214471,0.0018049432529841,0.0125932869440602,0.03647679181388,0.2946737674420276,-0.0854849934633961,0.0190846815821038,0.0385894702877428,179.27318468702856
41,558,pickles_uk_66.fits,A3III,558.0,122.4884262075458,-36.09586255698831,14.63823649197888,14.154163447557352,13.963306976036671,13.935174185538612,13.980435410675948,0.02045496118828,0.0347883021579712,0.0160892148961089,0.0313326394566998,0.044009890696075,0.4840730444215282,-0.0452612251373363,0.0403563056318136,0.0540241128978905,78.2412907230694,122.4884262075458,-36.09586255698831,14.62846707936739,14.129883590849747,13.927433898824315,13.908125545187648,13.971110578772093,0.0097926465512877,0.0152168099974119,0.0156432660056147,0.0104323871901585,0.0390894232879376,0.4985834885176423,-0.0629850335844448,0.018095503114746,0.0404576039264431,159.18744548123522
42,596,pickles_uk_78.fits,K0III,596.0,122.51052346987692,-36.1094325156438,16.262683201472182,15.583184257718262,15.221442025285684,15.02166435752461,14.93961456181257,0.0436480708917118,0.0794097965290759,0.0365464820791681,0.0830247038338264,0.0939736516444721,0.6794989437539201,0.0820497957120398,0.090614953938945,0.1253959674395121,23.916782123769487,122.51052346987692,-36.1094325156438,16.26327549235259,15.57594718929156,15.184981072834308,15.009633404221956,14.931194908409488,0.0292586247626627,0.020175016349239,0.0127888002693348,0.0196496430772353,0.0542993897443956,0.6873283030610295,0.0784384958124668,0.0355400957749746,0.0577454084726788,49.03665957780454
43,610,pickles_uk_93.fits,K5III,610.0,122.45896076747934,-36.08638878582759,16.555579543767674,15.19901765566425,14.478389793826116,14.151632335009165,13.93849019248142,0.0221613088788604,0.0462171369411122,0.009634038400792,0.0965622419451054,0.1352743897271252,1.3565618881034247,0.2131421425277437,0.0512557056166216,0.1662029695448045,67.41838324954176,122.45896076747934,-36.08638878582759,16.566451271486148,15.1852638267663,14.458430706971598,14.132021951276798,13.937282961253992,0.0262509598251117,0.0141161988106361,0.0096504928117511,0.0083547921463876,0.0365037814536437,1.3811874447198491,0.194738990022806,0.0298057034911279,0.0374476783288994,136.79780487232023
44,618,pickles_uk_66.fits,A3III,618.0,122.41663858076728,-36.20648919911701,13.801715318143891,13.438432425152186,13.32109574031145,13.269457402680311,13.310488237845703,0.0188256361970194,0.0381757844647088,0.0060678545236552,0.0725042495731934,0.0605562769096057,0.3632828929917053,-0.041030835165392,0.0425651864522926,0.094466548996588,111.52712986598443,122.41663858076728,-36.20648919911701,13.788499810993269,13.422452403171668,13.286003231980724,13.245603507915655,13.307131711064455,0.0075928542166738,0.0084382674688112,0.0055709343635363,0.0138060367354072,0.0291085477745203,0.3660474078216005,-0.0615282031488,0.0113514665585932,0.0322166758664041,225.43964920843447
45,619,pickles_uk_99.fits,M4III,619.0,122.3799249868727,-36.18382317683407,16.525764082237615,14.753021856362558,13.803156075049724,13.330204049937253,12.993896339694688,0.0269773191851498,0.0243534963115165,0.0058097594445136,0.0338518980669729,0.0398910382414284,1.7727422258750565,0.3363077102425649,0.0363437550758381,0.0523186958430333,108.48979750313735,122.3799249868727,-36.18382317683407,16.529165729430773,14.74827798676862,13.781121181349508,13.31057494261334,12.991125370594345,0.0237935011142628,0.011243077729018,0.0154843512314997,0.0088593620029212,0.024755548937146,1.780887742662152,0.3194495720189945,0.0263161070847336,0.0262930693962922,218.94250573866609
46,621,pickles_uk_53.fits,G0IV,621.0,122.40651558703895,-36.20793874415765,15.222910509229113,14.748282708920096,14.491244206614606,14.402319789894548,14.381654691343076,0.0196178806861561,0.0558300727084795,0.007884989857362,0.0552340006924641,0.0444071449704308,0.4746278003090172,0.0206650985514738,0.0591765009209768,0.0708716400044474,54.884010505272585,122.40651558703895,-36.20793874415765,15.214531929123652,14.739306616512168,14.499951019188718,14.394619620617458,14.398402364244651,0.0078853759329677,0.010768635664067,0.0029849847354661,0.0101499107051078,0.0286132515632471,0.4752253126114834,-0.0037827436271928,0.0133470096901757,0.0303601523768133,110.53803793825416
47,648,pickles_uk_124.fits,G0I,648.0,122.5028995030098,-36.211012080885496,15.364333742130196,14.663866729673812,14.312762642825549,14.16714795588262,14.148220017495138,0.0218555485267449,0.0229271621303008,0.0060129828061086,0.0262088296887935,0.0513901783098372,0.7004670124563841,0.0189279383874811,0.0316752231997503,0.0576875478797032,66.64260220586904,122.5028995030098,-36.211012080885496,15.364799572638752,14.657167998335082,14.29619627047574,14.162738746424695,14.14665488329006,0.014837840665557,0.0142198871376586,0.0184228858745365,0.0127718460383381,0.0374411495573765,0.7076315743036705,0.0160838631346376,0.0205515621261307,0.0395595719315167,133.7261253575303
48,653,pickles_uk_119.fits,A0I,653.0,122.54416696384293,-36.21933860918401,13.66905859863303,13.409092332288118,13.28869195955595,13.347084822384534,13.460175070153904,0.0214691755958551,0.02003885013878,0.0134593047009552,0.0197004052874387,0.041349946737757,0.2599662663449127,-0.1130902477693691,0.0293680270983623,0.045803101027165,107.64575888077329,122.54416696384293,-36.21933860918401,13.665072180749023,13.406988130541428,13.296278776917372,13.341751714460315,13.460763535772031,0.0129400882722135,0.0125721783153613,0.000822944334236,0.0145013013798689,0.0310293552679822,0.2580840502075947,-0.1190118213117159,0.0180417724208549,0.0342506734248605,215.82482855396847
49,654,pickles_uk_11.fits,A3V,654.0,122.61468806809576,-36.18351026720914,14.31914361580619,13.98974453835153,13.860172661265745,13.86794241014784,13.976846477568728,0.0266069177026955,0.0301303607954708,0.0043496497424406,0.0695320269611057,0.0476310215734291,0.32939907745466,-0.1089040674208874,0.0401966007431382,0.0842817713948182,81.60287949260798,122.61468806809576,-36.18351026720914,14.307730453197951,13.966056802136183,13.828732729193923,13.850939767359211,13.947747832291894,0.0144978841097856,0.0170916089883647,0.009315705030982,0.0133519591928188,0.0368595397977151,0.3416736510617681,-0.0968080649326825,0.0224123122741034,0.039203322415148,164.9060232640789
50,657,pickles_uk_9.fits,A0V,657.0,122.62283001619863,-36.196639848540336,15.222557855429043,14.786400162800104,14.614906118182295,14.559937050406244,14.648373464332604,0.0256555606626637,0.0372418609297737,0.0014170688849368,0.0609412032012791,0.0394910091078634,0.4361576926289388,-0.0884364139263595,0.0452234894543558,0.0726179733122383,47.00314747968779,122.62283001619863,-36.196639848540336,15.209988488051373,14.769584600972134,14.60151176617035,14.547939390536452,14.63036553371023,0.0128975392484393,0.0090949519951044,0.0156778558841885,0.011617095201594,0.047631210493862,0.4404038870792384,-0.0824261431737767,0.0157817828669098,0.0490274322602509,95.20606094635475
51,658,pickles_uk_93.fits,K5III,658.0,122.43956584732288,-36.15808263109634,15.178456420895428,13.777601502049237,13.055889675881897,12.73416145576693,12.522133479948724,0.0310203532877518,0.0183922121531076,0.0094191743592428,0.036237022372554,0.0269857234172248,1.400854918846191,0.2120279758182057,0.0360629420039721,0.045181313159092,138.2919272116535,122.43956584732288,-36.15808263109634,15.043813852786506,13.707047696230214,13.004088372035456,12.690734997565642,12.491364130103005,0.0131076739097594,0.0124424290741059,0.0022586531866437,0.0092489404377738,0.0255329678836538,1.3367661565562925,0.1993708674626368,0.0180727739041007,0.0271564973472129,280.92650024343584
52,669,pickles_uk_19.fits,rF6V,669.0,122.6111278599837,-36.18290009259723,15.161958185976928,14.62987169834355,14.329644676989105,14.137817417536624,14.097699819301331,0.027425209763799,0.0308272451168975,0.0203946315338967,0.0574270242637932,0.0533069140269215,0.5320864876333786,0.0401175982352928,0.0412608915570866,0.0783548990100038,68.1091291231688,122.6111278599837,-36.18290009259723,15.153824576922052,14.612962209630176,14.291080919578008,14.122316985517372,14.068574620715292,0.0164111067416001,0.0162527621909862,0.0098089312885312,0.0195744936258859,0.0445882207995192,0.5408623672918758,0.0537423648020798,0.0230971146102916,0.0486956901047364,137.76830144826278
53,715,pickles_uk_127.fits,G8I,715.0,122.45039548151296,-36.09385121856368,16.37899660648234,15.584533461576376,15.14818963782669,14.943359565354662,14.85748705826726,0.0173171748794583,0.0706812373588673,0.0,0.1097942400830676,0.122714999551786,0.7944631449059631,0.0858725070874015,0.0727717105775746,0.1646625223613836,27.83202173226691,122.45039548151296,-36.09385121856368,16.370443882713772,15.566267957215592,15.122315371369568,14.928104691629011,14.8547484585516,0.0221709202586792,0.0130045094335616,0.0,0.0223763334146855,0.0471134378647605,0.8041759254981802,0.073356233077412,0.0257034427796026,0.0521572269634978,57.1895308370987
54,721,pickles_uk_73.fits,G5III,721.0,122.47376693982092,-36.21119726496752,15.67004680013087,15.133143180070226,14.87275474908625,14.673742200599827,14.62943184922642,0.0213637777767372,0.0250248706494422,0.0,0.2576120371344089,0.0755297797147506,0.5369036200606434,0.0443103513734097,0.0329037255020632,0.2684561589911821,41.31288997000855,122.47376693982092,-36.21119726496752,15.658580733053752,15.123050250788864,14.84485284016894,14.660730449972284,14.637417969714484,0.0176054558503663,0.0187124313580434,0.0,0.0161547537498227,0.0327165135949679,0.535530482264889,0.0233124802577986,0.0256925507302931,0.0364876188662282,83.92695500277173
55,813,pickles_uk_76.fits,G8III,813.0,122.45115030386236,-36.08307887317324,16.395922752736592,15.531823451352398,15.083859852754644,14.90822597804478,14.835297342264523,0.0199979615563057,0.0209278550236862,0.0,0.0450781641094623,0.0480642681239807,0.8640993013841936,0.0729286357802543,0.0289463915246773,0.0658954835309183,29.58870109776104,122.45115030386236,-36.08307887317324,16.393002494870856,15.515527314373609,15.0456818719904,14.889352504464092,14.826376895468211,0.0222514532203026,0.017325610169593,0.0,0.0151392892428162,0.0481317990120346,0.8774751804972478,0.062975608995881,0.0282011336326046,0.0504565967432658,61.06474955359076
56,824,pickles_uk_131.fits,M2I,824.0,122.44577664100768,-36.109087974492496,15.810676001816272,14.250391117563698,13.445955450273493,13.099187157674258,12.852090735938924,0.0210185414502918,0.0307921164875183,0.0,0.0742767433978903,0.0604182275039444,1.5602848842525745,0.2470964217353337,0.0372818122209547,0.095746523824703,120.04064211628707,122.44577664100768,-36.109087974492496,15.822127861467395,14.23643303990319,13.441686280272837,13.085935008568404,12.847021803621224,0.0177567213383184,0.0148999379586315,0.0,0.0097023297030927,0.0335935549743888,1.585694821564207,0.2389132049471793,0.0231799332151272,0.0349665860141478,241.4064991431596
57,865,pickles_uk_20.fits,F8V,865.0,122.60345170105629,-36.11701914186753,14.51000747013932,13.700848928115663,13.311917482652138,13.23203508453114,13.228109564284066,0.0269029228726914,0.1540166388465274,0.0,0.0428060582644213,0.1519802019073526,0.809158542023658,0.0039255202470744,0.1563486242365938,0.1578934463362451,113.39824577344297,122.60345170105629,-36.11701914186753,14.504222045745358,13.688762559690227,13.33291251808389,13.228224113156486,13.21843715644771,0.0143731678834124,0.0132476408099317,0.0,0.0129003557391209,0.0383458441024599,0.815459486055131,0.0097869567087762,0.0195470699091635,0.0404576684712062,227.1775886843514
58,907,pickles_uk_86.fits,rK2III,907.0,122.5155664128924,-36.197967440467686,16.3237864475685,15.344043766284518,,14.678291719196768,14.606197061227054,0.0232170477560421,0.0531925630822466,0.0,0.030291856558047,0.0481163640727475,0.9797426812839838,0.0720946579697141,0.0580386084754375,0.0568575506446987,41.085414040161616,122.5155664128924,-36.197967440467686,16.32368997329167,15.336503765494252,,14.668140150451311,14.592210603985126,0.0290446871825736,0.0195250185968419,0.0,0.016317549872035,0.0479857883365989,0.9871862077974196,0.0759295464661846,0.0349974314020412,0.0506843004895128,83.18598495486889
59,909,pickles_uk_67.fits,A5III,909.0,122.49307265245972,-36.22090045907965,12.951355622492306,12.745486497824936,,12.583456328038354,12.632274259685854,0.0237432590851575,0.0327420055908276,0.0,0.0263566137143687,0.0480651291122971,0.2058691246673696,-0.0488179316475001,0.0404447930158469,0.0548172210447615,145.8271835980823,122.49307265245972,-36.22090045907965,12.940921004398817,12.732225614559898,,12.569587446797392,12.62427824552047,0.011886677318503,0.013942038445648,0.0,0.0114485573477081,0.0303324993006129,0.208695389838919,-0.0546907987230778,0.0183213955171036,0.0324211347606071,293.0412553202608
60,913,pickles_uk_11.fits,A3V,913.0,122.52605904238506,-36.11980171026771,13.057137118568413,12.802584414532028,,12.702046298289584,12.802400390495086,0.0280514569537739,0.0314234669799013,0.0,0.0621351170766432,0.0636050632470829,0.2545527040363851,-0.1003540922055012,0.0421226603417493,0.0889178094916512,139.89768508552078,122.52605904238506,-36.11980171026771,13.0382311914216,12.78473865007001,,12.697938067189918,12.794318737918616,0.0115319394319058,0.01380177577249,0.0,0.0124741076921204,0.0407633844768533,0.2534925413515907,-0.0963806707286973,0.0179854007888408,0.0426292959913999,280.2061932810081
61,944,pickles_uk_86.fits,rK2III,944.0,122.395842057558,-36.21959409532203,15.981387194278463,14.926585220684858,,14.184157982168262,14.098324554685869,0.1243996283698537,0.0415280673200419,0.0,0.0410969766632018,0.0408535071083592,1.054801973593607,0.0858334274823953,0.1311481906619213,0.0579479985323783,65.7921008915869,122.395842057558,-36.21959409532203,15.969932804728366,14.876146727102618,,14.11960784948604,14.04163310140289,0.0383220336307651,0.0315261990529464,0.0,0.0201500099747518,0.031755723645186,1.0937860776257473,0.0779747480831503,0.0496233764301009,0.0376091596052348,138.0392150513959
62,948,pickles_uk_94.fits,rK5III,948.0,122.44888431587684,-36.10336541518443,15.07286509511638,13.927704111100631,,13.083083827342254,12.926657000095926,0.013852761753786,0.0300456471235805,0.0,0.0978505015728851,0.1038710204547724,1.1451609840157495,0.156426827246328,0.0330853429675722,0.1427021707907099,120.84580863288733,122.44888431587684,-36.10336541518443,15.077268125672145,13.915215624810562,,13.06885615994088,12.926323625899968,0.0125408507238465,0.0115800861107483,0.0,0.0096503358328845,0.0404530831776786,1.1620525008615823,0.142532534040912,0.0170696025498589,0.0415882305498519,243.114384005912
63,950,pickles_uk_93.fits,K5III,950.0,122.44540040591885,-36.08362622217279,15.110120831019689,13.7393065686457,,12.679976074355528,12.464088580976153,0.018800176360417,0.0232834904807487,0.0,0.0207274976709871,0.0405801733252626,1.3708142623739883,0.215887493379375,0.029926034821705,0.0455673087510019,141.00119628222362,122.44540040591885,-36.08362622217279,15.116949938051938,13.720484500699062,,12.658092719668934,12.457624040880331,0.0128187464231948,0.0153869391259201,0.0,0.0066370607567102,0.0268116825204888,1.3964654373528766,0.2004686787886029,0.0200269357498081,0.0276209502926266,284.1907280331066
64,958,pickles_uk_48.fits,A0IV,958.0,122.5436948084599,-36.089884838481694,14.39518626897059,14.108852970913166,,13.970446210005536,14.050534752888169,0.0297470508629662,0.2107336236184705,0.0,0.066112691468849,0.0908012307512922,0.2863332980574249,-0.0800885428826312,0.2128228069507943,0.1123198623539249,76.47768949972314,122.5436948084599,-36.089884838481694,14.383143982435836,14.088116508133176,,13.948920240486853,14.036217915008145,0.0125754301985997,0.0164997189668988,0.0,0.0114398867864574,0.0394392256773151,0.2950274743026604,-0.0872976745212916,0.020745654259784,0.0410648698002704,155.1079759513147
65,963,pickles_uk_37.fits,K7V,963.0,122.42731284485498,-36.079752604635054,15.7520854255027,15.09151025949225,,14.460498010491976,14.32332098334431,0.026600308319713,0.0310531954695583,0.0,0.019337356830283,0.0545264269199461,0.6605751660104495,0.1371770271476666,0.0408885968403709,0.0578538209787212,51.97509947540118,122.42731284485498,-36.079752604635054,15.742787324017616,15.087684325759495,,14.453990206512673,14.321190767758086,0.016315726650816,0.0177024627929723,0.0,0.0094878700745349,0.0443933315047395,0.6551029982581209,0.1327994387545867,0.0240744704008358,0.0453958980596369,104.60097934873272
66,983,pickles_uk_38.fits,M0V,983.0,122.6137074010106,-36.21986375871735,16.180092942626874,14.908314449489833,,13.888703368138598,13.691621128790354,0.0265045520713885,0.0415483493619469,0.0,0.0367949601026178,0.0426677540468167,1.2717784931370415,0.1970822393482443,0.0492824168969759,0.0563418700821412,80.56483159307008,122.6137074010106,-36.21986375871735,16.213667395249068,14.90833263337722,,13.881902311207329,13.704349758393311,0.0255006887639353,0.0142236862444807,0.0,0.0165369865264776,0.0297066893108987,1.3053347618718476,0.1775525528140153,0.0291992872826808,0.0339994016593111,161.80976887926715
