,band1,exposure1,time1,psfMag11,psfMag12,psfMagErr11,psfMagErr12,apMag11,apMag12,apMagErr11,apMagErr12,band2,exposure2,time2,psfMag21,psfMag22,psfMagErr21,psfMagErr22,apMag21,apMag22,apMagErr21,apMagErr22,dt,airmassb1,airmassb2,deltapsfmag_s12b1,deltapsfmagErr_s12b1,deltaapmag_s12b1,deltaapmagErr_s12b1,deltapsfmag_s12b2,deltapsfmagErr_s12b2,deltaapmag_s12b2,deltaapmagErr_s12b2,psfcol12_s1,psfcol12Err_s1,apcol12_s1,apcol12Err_s1,psfcol12_s2,psfcol12Err_s2,apcol12_s2,apcol12Err_s2,psfcol12_s12,psfcol12Err_s12,apcol12_s12,apcol12Err_s12,psfmagmax_s12b1,psfmagmax_s12b2,apmagmax_s12b1,apmagmax_s12b2,index,DATE-OBS,id,BITPIX,NAXIS,NAXIS1,NAXIS2,EXTEND,TARGET,REDSHIFT,GRATING,ROTANGLE,D2CCD,LSHIFT,PARANGLE,TARGETX,TARGETY,LBDA_REF,PSF_REG,TRACE_R,MEANFWHM,PIXSHIFT,CHI2_FIT,A2_FIT,AM_FIT,VERSION,CCD_REBIN,CONFIG,EXPTIME,AIRMASS,DEC,HA,OUTTEMP,OUTPRESS,OUTHUM,FILTER,CAM_ROT,S_X0,S_Y0,S_XMIN,S_XMAX,S_YMIN,S_YMAX,S_NX,S_NY,S_DEG,S_SAT,S_ORDER,A1_x,A1_err_x,A2_x,A2_err_x,A3,A3_err,VAOD_x,VAOD_err_x,angstrom_exp_x,angstrom_exp_err_x,ozone [db]_x,ozone [db]_err_x,PWV [mm]_x,PWV [mm]_err_x,B_x,B_err_x,A_star,A_star_err,D_CCD [mm]_x,D_CCD [mm]_err_x,shift_x [pix],shift_x [pix]_err,shift_y [pix],shift_y [pix]_err,angle [deg],angle [deg]_err,x_c_0_1,x_c_0_1_err,x_c_1_1,x_c_1_1_err,x_c_2_1,x_c_2_1_err,y_c_0_1,y_c_0_1_err,y_c_1_1,y_c_1_1_err,y_c_2_1,y_c_2_1_err,gamma_0_1,gamma_0_1_err,gamma_1_1,gamma_1_1_err,gamma_2_1,gamma_2_1_err,alpha_0_1,alpha_0_1_err,alpha_1_1,alpha_1_1_err,alpha_2_1,alpha_2_1_err,saturation_0_1,saturation_0_1_err,x_c_0_2,x_c_0_2_err,x_c_1_2,x_c_1_2_err,x_c_2_2,x_c_2_2_err,y_c_0_2,y_c_0_2_err,y_c_1_2,y_c_1_2_err,y_c_2_2,y_c_2_2_err,gamma_0_2,gamma_0_2_err,gamma_1_2,gamma_1_2_err,gamma_2_2,gamma_2_2_err,alpha_0_2,alpha_0_2_err,alpha_1_2,alpha_1_2_err,alpha_2_2,alpha_2_2_err,saturation_0_2,saturation_0_2_err,x_c_0_3,x_c_0_3_err,x_c_1_3,x_c_1_3_err,x_c_2_3,x_c_2_3_err,y_c_0_3,y_c_0_3_err,y_c_1_3,y_c_1_3_err,y_c_2_3,y_c_2_3_err,gamma_0_3,gamma_0_3_err,gamma_1_3,gamma_1_3_err,gamma_2_3,gamma_2_3_err,alpha_0_3,alpha_0_3_err,alpha_1_3,alpha_1_3_err,alpha_2_3,alpha_2_3_err,saturation_0_3,saturation_0_3_err,A1_y,A1_err_y,A2_y,A2_err_y,VAOD_y,VAOD_err_y,angstrom_exp_y,angstrom_exp_err_y,ozone [db]_y,ozone [db]_err_y,PWV [mm]_y,PWV [mm]_err_y,reso [nm],reso [nm]_err,D_CCD [mm]_y,D_CCD [mm]_err_y,alpha_pix [pix],alpha_pix [pix]_err,B_y,B_err_y,Time,dt_abs_specphot,td_rel_specphot
0,g,2023112100518,2023-11-22 07:13:36.381000960,14.342262422929778,14.371838681650951,0.0032987576435243,0.003386424462156,-13.731974115345809,-13.693032189015021,0.0026335650080529928,0.002729737045700068,r,2023112100519,2023-11-22 07:14:23.001004032,14.066301973889566,13.874092099301173,0.0030558575289844,0.0029401182812059,-13.782013579915205,-13.95350124284764,0.0025518142448452937,0.002178983754048011,46.620003,1.0704699691373083,1.0693711980028564,-0.029576258721172977,0.004727544037721758,-0.038941926330787524,0.003793036908640423,0.1922098745883929,0.004240584953155847,0.17148766293243511,0.003355551540447638,0.27596044904021255,0.004496672906512174,0.05003946456939623,0.0036670724824901563,0.4977465823497784,0.004484658977600158,0.26046905383261887,0.003492768892880332,0.22178613330956587,0.006350766361119761,0.21042958926322264,0.005064272418710216,14.371838681650951,14.066301973889566,-13.693032189015021,-13.782013579915205,,,,,,,,,,,,,,,,,,,,,,,,,,,,,,,,,,,,,,,,,,,,,,,,,,,,,,,,,,,,,,,,,,,,,,,,,,,,,,,,,,,,,,,,,,,,,,,,,,,,,,,,,,,,,,,,,,,,,,,,,,,,,,,,,,,,,,,,,,,,,,,,,,,,,,,,,,,,,,,,,,,,,,,,,,,,,,,
1,g,2023112800532,2023-11-29 06:57:07.666510080,14.34688991426344,14.354945011324126,0.0032143314957254,0.0033170002448356,-13.723516349195073,-13.720065851123998,0.0028322286208365007,0.0028412438352153047,r,2023112800533,2023-11-29 06:57:54.377499904,14.075912729068415,13.88544903538457,0.0030036185001086,0.0028858328848944,-13.776775462600346,-13.976061897220816,0.002644685516147161,0.0022011997911365565,46.710989,1.0558471548248498,1.0548932481591382,-0.008055097060687189,0.004618919526106914,-0.0034504980710750033,0.004011755911297994,0.19046369368384575,0.00416530377448423,0.19928643462047013,0.003440878085579057,0.270977185195024,0.004399278470227468,0.05325911340527334,0.003875032959860342,0.46949597593955694,0.004396648958442937,0.2559960460968185,0.003594154567022486,0.19851879074453294,0.006219660209560028,0.20273693269154514,0.005285246209180098,14.354945011324126,14.075912729068415,-13.720065851123998,-13.776775462600346,,,,,,,,,,,,,,,,,,,,,,,,,,,,,,,,,,,,,,,,,,,,,,,,,,,,,,,,,,,,,,,,,,,,,,,,,,,,,,,,,,,,,,,,,,,,,,,,,,,,,,,,,,,,,,,,,,,,,,,,,,,,,,,,,,,,,,,,,,,,,,,,,,,,,,,,,,,,,,,,,,,,,,,,,,,,,,,
2,g,2023112900531,2023-11-30 06:28:43.408003072,14.324864932364852,14.32857164978148,0.0030477790084527,0.0031084613805173,-13.733218618662447,-13.740365414400959,0.002784665275828758,0.0027663955733895577,r,2023112900532,2023-11-30 06:29:29.881006080,14.04390328744142,13.889438331907195,0.0030714965106258,0.0029509182656283,-13.787858587532114,-13.978850973625336,0.0026223399324005465,0.002199338283129691,46.473003,1.09116248329143,1.0898758052930746,-0.0037067174166285355,0.004353330798197219,0.007146795738512068,0.0039252140281614955,0.154464955534225,0.004259343778706434,0.19099238609322278,0.003422536428542779,0.28096164492343156,0.004327013716080802,0.054639968869667044,0.003825052603490435,0.4391333178742851,0.004286076383428817,0.23848555922437775,0.0035341241279996374,0.15817167295085355,0.006090443207496285,0.1838455903547107,0.005207788472238303,14.32857164978148,14.04390328744142,-13.733218618662447,-13.787858587532114,2541.0,2023-11-30 06:01:13.001502429+00:00,2023112900508.0,-64.0,2.0,1137.0,3.0,True,HD2811,0.0,holo4_003,0.12560471679470503,187.06367678478532,0.0,107.23254063241419,103.00309837374188,871.6255873470132,558.3381627049305,6.429652478144859,54.64385472191687,9.02181899741556,1.0380022933674453,4.485503906014439,0.0,2.19082034906294,3.1.0,2.0,,60.0,2.19082034906294,-43.6135997046553,80.28393232518985,11.5749998092651,739.4,31.7749996185303,empty,73.289088006226,-416.2864010300265,17.625587347013138,516.0,1653.0,854.0,899.0,1137.0,45.0,2.0,11333.333333333334,1.0,0.6962861274266436,0.00017208058390238984,1.0,0.0,0.0,0.0,0.0057795667262706026,0.00010953192340077226,3.0,0.0,294.59453678634054,0.8998972662723602,3.4725317185018088,0.011681748982878807,1.0,0.0,1.0,0.0,187.00117378644634,0.002832393296387053,0.7185359726928848,0.013337230917008294,-1.2774477858750268,0.0,0.12815899373842868,0.0,985.336226351581,0.0,568.0207351291278,0.0,-0.020733377967888218,0.0,-0.22297123635541002,0.0004679760093082565,0.007419003785731336,0.0015492154075185843,1.164459290316047,0.0027536491745315944,8.113073480658992,0.003939131690597962,-3.2587734317681254,0.009231112661977297,1.318074928958737,0.02210550002150358,2.8149954389979044,0.0014146650487929274,-0.7248699013803935,0.0033863755281611247,0.10553512976144526,0.008083690593474205,11333.33333333339,0.0,985.336226351581,0.0,568.0207351291278,0.0,-0.020733377967888218,0.0,1.5699079262673348,0.05589117262924064,1.1688719664725546,0.18614042607722425,1.0295472390263123,0.15229023607950345,11.25936641195293,0.039033940181326804,0.0,0.0,0.0,0.0,3.7091166906688886,0.01707943548246748,0.0,0.0,0.0,0.0,11333.33333333339,0.0,985.336226351581,0.0,568.0207351291278,0.0,-0.020733377967888218,0.0,0.0,0.0,0.0,0.0,0.0,0.0,8.22629353467104,0.0,0.0,0.0,0.0,0.0,2.853834712623906,0.0,0.0,0.0,0.0,0.0,11333.33333333339,0.0,0.694035723878624,0.0006597099906758181,0.0,0.0,0.0026459388355595036,0.0005353545255906359,3.0,0.0,299.7051498272482,5.20307098460631,3.3666662799947624,0.02968652589782195,2.481054608034235,0.027999296119578007,186.91250177142894,0.005713008838955933,1.0380022933674453,0.0,0.0,0.0,2023-11-30 06:01:13.001502429+00:00,1650.406501,-1650.406501
3,g,2023120400543,2023-12-05 06:39:07.954502912,14.330878940736866,14.357735249118058,0.0030323621704609,0.0030691909535187,-13.754326170209554,-13.736559908244786,0.0026398506762072256,0.0026834027862424857,r,2023120400544,2023-12-05 06:39:54.688505088,14.070934466322225,13.860887190571056,0.0028769157539561,0.0027337632996834,-13.815613286835816,-13.989229502757182,0.002530097309520144,0.002156208423998325,46.734002,1.0493794619080228,1.048495399789347,-0.02685630838119124,0.00431452818301183,-0.01776626196476805,0.003764234597615521,0.21004727575116888,0.003968640325609851,0.17361621592136522,0.003324248360661762,0.25994447441464175,0.00417993595503605,0.06128711662626252,0.003656528953572338,0.49684805854700187,0.0041101575259175765,0.2526695945123958,0.003442366232831027,0.23690358413236012,0.005862188966253137,0.19138247788613327,0.005021960699691714,14.357735249118058,14.070934466322225,-13.736559908244786,-13.815613286835816,,,,,,,,,,,,,,,,,,,,,,,,,,,,,,,,,,,,,,,,,,,,,,,,,,,,,,,,,,,,,,,,,,,,,,,,,,,,,,,,,,,,,,,,,,,,,,,,,,,,,,,,,,,,,,,,,,,,,,,,,,,,,,,,,,,,,,,,,,,,,,,,,,,,,,,,,,,,,,,,,,,,,,,,,,,,,,,
4,g,2023120500481,2023-12-06 06:19:31.774994944,14.30590281975246,14.376080407192422,0.0033369953334056,0.0034601875635289,-13.73486707884431,-13.698839518020979,0.00256485295509575,0.002651389280263754,r,2023120500482,2023-12-06 06:20:18.499994112,14.05904515419005,13.895932299313966,0.0028668896571938,0.0027734525989425,-13.784022888003937,-13.94689270728724,0.0024893136925848024,0.0021425536238788793,46.724999,1.0690591999477697,1.0679712759070898,-0.07017758743996261,0.004807123446508402,-0.036027560823331584,0.0036889477899207184,0.1631128548760845,0.003988871472623013,0.16286981928330313,0.0032843901551561595,0.24685766556240907,0.004399385657304385,0.04915580915962714,0.0035742346511321256,0.4801481078784562,0.0044345165794459455,0.24805318926626185,0.0034088709489644904,0.23329044231604712,0.006246561570582372,0.1988973801066347,0.004939185609799216,14.376080407192422,14.05904515419005,-13.698839518020979,-13.784022888003937,,,,,,,,,,,,,,,,,,,,,,,,,,,,,,,,,,,,,,,,,,,,,,,,,,,,,,,,,,,,,,,,,,,,,,,,,,,,,,,,,,,,,,,,,,,,,,,,,,,,,,,,,,,,,,,,,,,,,,,,,,,,,,,,,,,,,,,,,,,,,,,,,,,,,,,,,,,,,,,,,,,,,,,,,,,,,,,
5,g,2023120500489,2023-12-06 06:27:18.159996928,14.354936896583595,14.342415819267346,0.0030204998830826,0.0030714587270667,-13.747709716541666,-13.739817872152942,0.002635971918473136,0.0026552016976694134,r,2023120500490,2023-12-06 06:28:04.872001024,14.051783297648592,13.838887789440424,0.0028733211457561,0.0027269838864938,-13.795128430986969,-13.987995045566466,0.0025524293986132493,0.0021370126467379572,46.712004,1.058859246861635,1.0578738941992123,0.012521077316248963,0.004307815949617183,-0.007891844388723257,0.0037414494531244815,0.2128955082081685,0.003961365361065043,0.19286661457949705,0.003328921580215305,0.30315359893500293,0.004168860030074307,0.04741871444530332,0.0036692293182471083,0.5035280298269225,0.004107347054884822,0.24817717341352363,0.0034083601786818987,0.20037443089191953,0.005852323793128861,0.2007584589682203,0.005008009873942806,14.354936896583595,14.051783297648592,-13.739817872152942,-13.795128430986969,,,,,,,,,,,,,,,,,,,,,,,,,,,,,,,,,,,,,,,,,,,,,,,,,,,,,,,,,,,,,,,,,,,,,,,,,,,,,,,,,,,,,,,,,,,,,,,,,,,,,,,,,,,,,,,,,,,,,,,,,,,,,,,,,,,,,,,,,,,,,,,,,,,,,,,,,,,,,,,,,,,,,,,,,,,,,,,
6,g,2023120600248,2023-12-07 06:32:17.905999872,14.31714694612349,14.367455754131962,0.0029027265723733,0.0029918045624898,-13.746403735846712,-13.71366566204986,0.002524401052684218,0.002601678225146749,r,2023120600249,2023-12-07 06:33:04.708000000,14.050889419523465,13.861163825390552,0.0027656627456118,0.0026449019481231,-13.80442559314806,-13.970168988877827,0.0024423031600908146,0.0020965354639142257,46.802,1.0480235236715267,1.0471532273627842,-0.05030880800847193,0.004168538844019188,-0.03273807379685323,0.003625097276211485,0.1897255941329128,0.0038267998037067956,0.16574339572976626,0.0032187428721846697,0.26625752660002533,0.004009328120324782,0.058021857301348234,0.0035124699857198446,0.50629192874141,0.003993294486425983,0.2565033268279677,0.0033412857612980028,0.24003440214138472,0.0056587200700995285,0.1984814695266195,0.004847848588728359,14.367455754131962,14.050889419523465,-13.71366566204986,-13.80442559314806,,,,,,,,,,,,,,,,,,,,,,,,,,,,,,,,,,,,,,,,,,,,,,,,,,,,,,,,,,,,,,,,,,,,,,,,,,,,,,,,,,,,,,,,,,,,,,,,,,,,,,,,,,,,,,,,,,,,,,,,,,,,,,,,,,,,,,,,,,,,,,,,,,,,,,,,,,,,,,,,,,,,,,,,,,,,,,,
7,g,2023121100539,2023-12-12 06:42:08.847497984,14.354076116741387,14.338099045156811,0.0029009257491372,0.0029707596961921,-13.763612918759122,-13.72104602433259,0.002483547626299875,0.002582850389175066,r,2023121100540,2023-12-12 06:42:55.624003072,14.05990699437696,13.897027639034665,0.0027822959580256,0.0026605001047463,-13.809701806298653,-13.977573272073442,0.002429386481903012,0.0020813639313516457,46.776505,1.0216874581410895,1.0211681346750436,0.015977071584575953,0.004152202231891723,-0.04256689442653183,0.003583172469329593,0.16287935534229447,0.0038496014865698324,0.16787146577478929,0.0031990615019384465,0.29416912236442805,0.004019519996225024,0.04608888753953089,0.0034741801177476154,0.44107140612214657,0.003987941070261,0.256527247740852,0.003317105959657208,0.14690228375771852,0.005662174050656449,0.21043836020132112,0.004803448702562171,14.354076116741387,14.05990699437696,-13.72104602433259,-13.809701806298653,,,,,,,,,,,,,,,,,,,,,,,,,,,,,,,,,,,,,,,,,,,,,,,,,,,,,,,,,,,,,,,,,,,,,,,,,,,,,,,,,,,,,,,,,,,,,,,,,,,,,,,,,,,,,,,,,,,,,,,,,,,,,,,,,,,,,,,,,,,,,,,,,,,,,,,,,,,,,,,,,,,,,,,,,,,,,,,
8,g,2023121500500,2023-12-16 06:00:36.789498112,14.317978180990227,14.33677708612857,0.0031006281432993,0.0031297103562065,-13.690862664883438,-13.66289453807292,0.002690326163793002,0.002760528186923026,r,2023121500501,2023-12-16 06:01:23.671494912,14.052057408990608,13.886542733891174,0.0027882222088599,0.0026406490029534,-13.776430840756113,-13.935808688630928,0.0025571381116821245,0.0022080202186162,46.881996,1.044012381852408,1.0431870286947744,-0.018798905138343258,0.004405562597077231,-0.027968126810518967,0.003854655722420058,0.16551467509943407,0.0038402096613047525,0.1593778478748149,0.00337850686073525,0.2659207719996193,0.004169901433966904,0.08556817587267496,0.0037117125683175404,0.4502343522373966,0.004094888773891789,0.27291415055800883,0.00353494966818687,0.18431358023777733,0.005844329905091279,0.18734597468533387,0.005125688182714674,14.33677708612857,14.052057408990608,-13.66289453807292,-13.776430840756113,,,,,,,,,,,,,,,,,,,,,,,,,,,,,,,,,,,,,,,,,,,,,,,,,,,,,,,,,,,,,,,,,,,,,,,,,,,,,,,,,,,,,,,,,,,,,,,,,,,,,,,,,,,,,,,,,,,,,,,,,,,,,,,,,,,,,,,,,,,,,,,,,,,,,,,,,,,,,,,,,,,,,,,,,,,,,,,
9,g,2023121500504,2023-12-16 06:04:28.611005952,14.346125883998862,14.329949218574765,0.0033141899432153,0.0033701272901948,-13.69445007805091,-13.678838212100617,0.002687382106197057,0.0027263032889502424,r,2023121500505,2023-12-16 06:05:15.386496000,14.099588245457747,13.868504914790268,0.0030229639286372,0.0028700614926113,-13.76770183973903,-13.953708453588359,0.002578851195997115,0.0021728194379979885,46.77549,1.0400981322952338,1.039321313175331,0.01617666542409779,0.004726691541853052,-0.015611865950292625,0.003828152584217228,0.2310833306674791,0.00416840063875965,0.18600661384932948,0.003372182943026319,0.2465376385411151,0.004485773722954724,0.07325176168811964,0.0037245799864956426,0.4614443037844964,0.0044266252296174735,0.27487024148774175,0.0034862406591460097,0.2149066652433813,0.006302156521147109,0.2016184797996221,0.005101604650429773,14.346125883998862,14.099588245457747,-13.678838212100617,-13.76770183973903,,,,,,,,,,,,,,,,,,,,,,,,,,,,,,,,,,,,,,,,,,,,,,,,,,,,,,,,,,,,,,,,,,,,,,,,,,,,,,,,,,,,,,,,,,,,,,,,,,,,,,,,,,,,,,,,,,,,,,,,,,,,,,,,,,,,,,,,,,,,,,,,,,,,,,,,,,,,,,,,,,,,,,,,,,,,,,,
10,g,2023121500508,2023-12-16 06:08:18.643501056,14.355274654420194,14.363041229433374,0.0029994856756737,0.0030250725561241,-13.714134453447036,-13.664252842017905,0.00268420968306641,0.0028104061249730966,r,2023121500505,2023-12-16 06:05:15.386496000,14.099588245457747,13.868504914790268,0.0030229639286372,0.0028700614926113,-13.76770183973903,-13.953708453588359,0.002578851195997115,0.0021728194379979885,-183.257006,1.0364373239406812,1.039321313175331,-0.0077665750131803435,0.004260044399814033,-0.0498816114291305,0.0038863046985476804,0.2310833306674791,0.00416840063875965,0.18600661384932948,0.003372182943026319,0.2556864089624469,0.00425854731480271,0.0535673862919932,0.0037222916481333417,0.4945363146431063,0.004169930088285102,0.2894556115704532,0.0035523973450936187,0.23884990568065945,0.005960162931799664,0.23588822527845998,0.005145384534822584,14.363041229433374,14.099588245457747,-13.664252842017905,-13.76770183973903,,,,,,,,,,,,,,,,,,,,,,,,,,,,,,,,,,,,,,,,,,,,,,,,,,,,,,,,,,,,,,,,,,,,,,,,,,,,,,,,,,,,,,,,,,,,,,,,,,,,,,,,,,,,,,,,,,,,,,,,,,,,,,,,,,,,,,,,,,,,,,,,,,,,,,,,,,,,,,,,,,,,,,,,,,,,,,,
11,g,2023122000197,2023-12-21 05:15:56.908004096,14.340584599466029,14.33487205693896,0.0029132219200063,0.0029753106055413,-13.755352570128657,-13.739786862798667,0.002564207693685125,0.002601234358973775,r,2023122000198,2023-12-21 05:16:43.504005888,14.023969947095305,13.898256717077246,0.0026759091602009,0.0025478495527794,-13.820109200442898,-13.983145850878874,0.0024690090829831896,0.00212475092725806,46.596001,1.0756494634136955,1.0745011194151506,0.005712542527069431,0.0041640527319729915,-0.01556570732999063,0.003652612939617295,0.125713230018059,0.0036948649741560618,0.16303665043597526,0.0032573873510433906,0.31661465237072406,0.0039556733673108396,0.06475663031424084,0.003559658262840336,0.43661533986171364,0.003917143160907541,0.24335898808020673,0.003358718013348202,0.12000068749098958,0.005566988623295094,0.1786023577659659,0.004894093750777275,14.340584599466029,14.023969947095305,-13.739786862798667,-13.820109200442898,,,,,,,,,,,,,,,,,,,,,,,,,,,,,,,,,,,,,,,,,,,,,,,,,,,,,,,,,,,,,,,,,,,,,,,,,,,,,,,,,,,,,,,,,,,,,,,,,,,,,,,,,,,,,,,,,,,,,,,,,,,,,,,,,,,,,,,,,,,,,,,,,,,,,,,,,,,,,,,,,,,,,,,,,,,,,,,
12,g,2023122000201,2023-12-21 05:19:58.470008064,14.32893005050576,14.383015520739502,0.0029595391801885,0.0030318527212148,-13.733178517592851,-13.711627370683704,0.0026345027154530474,0.002687318298314643,r,2023122000202,2023-12-21 05:20:45.315992064,14.03318912785399,13.83857851188395,0.0029814094034341,0.0028522918529203,-13.783158183784092,-13.974874998655405,0.0025641433730035916,0.0021490948278845515,46.845984,1.0699187374648755,1.0688197028559874,-0.05408547023374233,0.004236862410110624,-0.021551146909146723,0.00376328104108452,0.19461061597004026,0.004126059966253617,0.1917168148713131,0.003345659847706931,0.29574092265176866,0.00420091349470042,0.04997966619124128,0.0036763345597276256,0.5444370088555512,0.004162655370958915,0.2632476279717011,0.0034409719870549427,0.24869608620378258,0.0059139981338625055,0.2132679617804598,0.005035446753838686,14.383015520739502,14.03318912785399,-13.711627370683704,-13.783158183784092,,,,,,,,,,,,,,,,,,,,,,,,,,,,,,,,,,,,,,,,,,,,,,,,,,,,,,,,,,,,,,,,,,,,,,,,,,,,,,,,,,,,,,,,,,,,,,,,,,,,,,,,,,,,,,,,,,,,,,,,,,,,,,,,,,,,,,,,,,,,,,,,,,,,,,,,,,,,,,,,,,,,,,,,,,,,,,,
13,g,2023122200489,2023-12-23 05:49:39.619505920,14.301023277850684,14.343134535905897,0.0029425112813757,0.003007349073459,-13.756268019085265,-13.724913996022911,0.0026406395651445377,0.0027180080291391226,r,2023122200490,2023-12-23 05:50:26.146006016,14.033197616565175,13.85842981398209,0.0027214398733965,0.0025808938690842,-13.801185839626168,-13.988929922209541,0.0025475570973395117,0.002143020341704464,46.5265,1.0285434319709723,1.0279214614155978,-0.042111258055212986,0.004207436403637964,-0.03135402306235413,0.0037895309682692223,0.17476780258308544,0.0037506330329677377,0.18774408258337338,0.00332905141882249,0.26782566128550833,0.004008067816983094,0.04491782054090265,0.003669199432738925,0.48470472192380676,0.003962973834522645,0.26401592618663017,0.003461228659222597,0.21687906063829843,0.005636467798067043,0.21909810564572751,0.005044118189399958,14.343134535905897,14.033197616565175,-13.724913996022911,-13.801185839626168,,,,,,,,,,,,,,,,,,,,,,,,,,,,,,,,,,,,,,,,,,,,,,,,,,,,,,,,,,,,,,,,,,,,,,,,,,,,,,,,,,,,,,,,,,,,,,,,,,,,,,,,,,,,,,,,,,,,,,,,,,,,,,,,,,,,,,,,,,,,,,,,,,,,,,,,,,,,,,,,,,,,,,,,,,,,,,,
14,g,2023122200493,2023-12-23 05:53:35.892506112,14.336043537605196,14.351673262931142,0.0029740714032871,0.0030507775085318,-13.748023331496226,-13.750609828558542,0.0026692054862453396,0.0026628543346120083,r,2023122200494,2023-12-23 05:54:22.646998016,14.032011220493107,13.866072698124226,0.0028274645323507,0.002710417072264,-13.80306458850994,-14.013189286741326,0.002560919151479983,0.002110308696552646,46.754491,1.0255322670458085,1.024952037647871,-0.015629725325945643,0.004260556785023948,0.002586497062315729,0.0037703383316572774,0.16593852236888118,0.003916748190440805,0.21012469823138602,0.0033183896237727545,0.3040323171120889,0.004103615039638984,0.05504125701371443,0.0036990491789403363,0.4856005648069157,0.004080882761386763,0.2625794581827847,0.003397675087778066,0.18156824769482682,0.005787336218480391,0.2075382011690703,0.005022664714106135,14.351673262931142,14.032011220493107,-13.748023331496226,-13.80306458850994,,,,,,,,,,,,,,,,,,,,,,,,,,,,,,,,,,,,,,,,,,,,,,,,,,,,,,,,,,,,,,,,,,,,,,,,,,,,,,,,,,,,,,,,,,,,,,,,,,,,,,,,,,,,,,,,,,,,,,,,,,,,,,,,,,,,,,,,,,,,,,,,,,,,,,,,,,,,,,,,,,,,,,,,,,,,,,,
15,g,2023122200497,2023-12-23 05:57:32.612002048,14.301300285252188,14.348302225897177,0.00300897211044,0.003042663184879,-13.77276918990903,-13.749940434836285,0.002655542690419332,0.0027119694287407333,r,2023122200498,2023-12-23 05:58:19.376494080,14.058867124800525,13.870984661861122,0.0028367549280165,0.0026749499023091,-13.82279587727865,-14.007525307429855,0.002555657299363929,0.002155811799562643,46.764492,1.0227360913642596,1.022200109453302,-0.047001940644989304,0.004279218669105818,-0.0228287550727444,0.003795613937568451,0.18788246293940247,0.003899042895569291,0.18472943015120435,0.003343487512602021,0.24243316045166274,0.004135346621872421,0.05002668736962157,0.003685551683592522,0.4773175640360545,0.004051315371145708,0.2575848725935703,0.0034644339649584693,0.23488440358439178,0.005789149153331008,0.20755818522394875,0.005058220429161775,14.348302225897177,14.058867124800525,-13.749940434836285,-13.82279587727865,,,,,,,,,,,,,,,,,,,,,,,,,,,,,,,,,,,,,,,,,,,,,,,,,,,,,,,,,,,,,,,,,,,,,,,,,,,,,,,,,,,,,,,,,,,,,,,,,,,,,,,,,,,,,,,,,,,,,,,,,,,,,,,,,,,,,,,,,,,,,,,,,,,,,,,,,,,,,,,,,,,,,,,,,,,,,,,
16,g,2024013000151,2024-01-31 04:00:34.647505920,14.374263212220171,14.372045182877777,0.0029544767935177,0.0030314257977246,-13.733620746805018,-13.69411028976434,0.00262507621423968,0.0027223634143840707,r,2024013000152,2024-01-31 04:01:21.424993024,14.057271354444516,13.933801761828574,0.0028878365020723,0.002751980837776,-13.79478707796569,-13.948447907725235,0.0025057413383607206,0.0021750633266523142,46.777487,1.0068139904212356,1.0066751770960218,0.0022180293423943453,0.004233022028119492,-0.03951045704067724,0.0037818365499508073,0.12346959261594215,0.003989109950125149,0.15366082975954498,0.0033180777763213458,0.31699185777565475,0.004131408087581739,0.06116633116067227,0.0036290170549801368,0.43824342104920255,0.00409425706308196,0.2543376179608945,0.0034845606659842684,0.1212515632735478,0.005816482930838216,0.19317128680022222,0.005031096085373587,14.374263212220171,14.057271354444516,-13.69411028976434,-13.79478707796569,,,,,,,,,,,,,,,,,,,,,,,,,,,,,,,,,,,,,,,,,,,,,,,,,,,,,,,,,,,,,,,,,,,,,,,,,,,,,,,,,,,,,,,,,,,,,,,,,,,,,,,,,,,,,,,,,,,,,,,,,,,,,,,,,,,,,,,,,,,,,,,,,,,,,,,,,,,,,,,,,,,,,,,,,,,,,,,
17,g,2024013000155,2024-01-31 04:04:20.303996928,14.321154866985797,14.297922841874858,0.0029952027371573,0.0031036270501949,-13.743538431160916,-13.728891508234774,0.002657739587143326,0.002693836260488347,r,2024013000156,2024-01-31 04:05:06.996495104,14.058337591281694,13.868094671075584,0.002796896058652,0.0026894112327775,-13.79474618818633,-13.99577790441311,0.002548895309725687,0.0021180651359706763,46.692498,1.0062294355193655,1.006129376979123,0.023232025110939247,0.0043132053398112265,-0.01464692292614167,0.003784221651990091,0.19024292020611,0.003880149525713266,0.20103171622677962,0.0033140710946140076,0.2628172757041032,0.004098032088646656,0.05120775702541458,0.0036824512234394065,0.42982817079927393,0.004106754636655481,0.26688639617833587,0.0034267993402789603,0.16701089509517075,0.005801663610143987,0.2156786391529213,0.005030248575522555,14.321154866985797,14.058337591281694,-13.728891508234774,-13.79474618818633,2804.0,2024-01-31 04:30:47.353503981+00:00,2024013000180.0,-64.0,2.0,1137.0,3.0,True,HD185975,-6.5e-05,holo4_003,0.12020066201321332,187.15670883764426,0.0,179.518418612224,104.18937417537325,873.1593437762292,619.6434547793207,8.728457467488177,59.853550384921036,5.552710891183793,0.9998870897881382,12.135970235797389,0.0,2.14428618948551,3.1.0,2.0,,60.0,2.14428618948551,-87.4752297882007,-180.49348292417545,17.9500007629395,743.9,20.2000007629395,empty,1.1024382165409747,-416.93052915330406,19.159343776229193,518.0,1655.0,854.0,899.0,1137.0,45.0,2.0,11333.333333333334,1.0,0.7046139703374,0.00019660520511809135,1.0,0.0,0.0,0.0,0.0,0.0001643132630362574,2.2858395228092308,0.0,274.7246829845044,1.0704284037396645,5.625335066479756,0.013855364627789909,1.0,0.0,1.0,0.0,186.8596389258632,0.002790208301980592,1.4241645781681165,0.012589977505416027,0.1769042773638381,0.0,0.1211424905348768,0.0,985.9341590398902,0.0,568.0197121373573,0.0,-0.01943086042453715,0.0,-0.15790540929404617,0.00031665511139889477,-0.005856435989742335,0.0007226837537971084,1.1127746822502225,0.0018372616432135833,4.852531058088004,0.0021024629256849916,-1.9556933756709707,0.004468701132992137,-0.03725259287595244,0.011787002514038256,2.5893190294641237,0.0010336769720537139,-0.47902312570747263,0.0021239358772104683,-0.4339680235452826,0.005536012952941449,11333.33333333337,0.0,985.9341590398902,0.0,568.0197121373573,0.0,-0.01943086042453715,0.0,0.952437373816888,0.06568571082142398,-2.1293954695322936,0.21864498921918474,-2.037134420172079,0.17987971926307172,6.16513478464764,0.018347970788087507,0.0,0.0,0.0,0.0,2.956078032611306,0.009653428932863578,0.0,0.0,0.0,0.0,11333.33333333337,0.0,985.9341590398902,0.0,568.0197121373573,0.0,-0.01943086042453715,0.0,0.0,0.0,0.0,0.0,0.0,0.0,4.908305157353004,0.0,0.0,0.0,0.0,0.0,2.6122253680763867,0.0,0.0,0.0,0.0,0.0,11333.33333333337,0.0,0.7120638096993667,0.0008339999996510388,0.0,0.0,0.003608545484742606,0.0006976044966629621,2.0811916584036236,0.0,286.7765083517719,5.371834155190248,5.838456804950866,0.04679514393779282,1.8444967144409088,0.03422701460533914,186.8848739390185,0.004654298612250989,0.9998870897881382,0.0,0.0,0.0,2024-01-31 04:30:47.353503981+00:00,1587.049507,1587.049507
18,g,2024013000159,2024-01-31 04:08:08.969509120,14.326270231571794,14.334273562083736,0.0031170518407035,0.0031702105506513,-13.740225958995449,-13.727027132441737,0.002723574243566344,0.0027568856262604924,r,2024013000156,2024-01-31 04:05:06.996495104,14.058337591281694,13.868094671075584,0.002796896058652,0.0026894112327775,-13.79474618818633,-13.99577790441311,0.002548895309725687,0.0021180651359706763,-181.973015,1.005824515532673,1.006129376979123,-0.008003330511941797,0.0044459247759148935,-0.01319882655371174,0.003875341922527571,0.19024292020611,0.003880149525713266,0.20103171622677962,0.0033140710946140076,0.2679326402901001,0.004187915918513189,0.05452022919088151,0.0037302444906680836,0.4661788910081519,0.00415730293753662,0.26875077197137287,0.0034765814065682663,0.1982462507180518,0.0059010005469400505,0.21423054278049136,0.005099151129026848,14.334273562083736,14.058337591281694,-13.727027132441737,-13.79474618818633,2804.0,2024-01-31 04:30:47.353503981+00:00,2024013000180.0,-64.0,2.0,1137.0,3.0,True,HD185975,-6.5e-05,holo4_003,0.12020066201321332,187.15670883764426,0.0,179.518418612224,104.18937417537325,873.1593437762292,619.6434547793207,8.728457467488177,59.853550384921036,5.552710891183793,0.9998870897881382,12.135970235797389,0.0,2.14428618948551,3.1.0,2.0,,60.0,2.14428618948551,-87.4752297882007,-180.49348292417545,17.9500007629395,743.9,20.2000007629395,empty,1.1024382165409747,-416.93052915330406,19.159343776229193,518.0,1655.0,854.0,899.0,1137.0,45.0,2.0,11333.333333333334,1.0,0.7046139703374,0.00019660520511809135,1.0,0.0,0.0,0.0,0.0,0.0001643132630362574,2.2858395228092308,0.0,274.7246829845044,1.0704284037396645,5.625335066479756,0.013855364627789909,1.0,0.0,1.0,0.0,186.8596389258632,0.002790208301980592,1.4241645781681165,0.012589977505416027,0.1769042773638381,0.0,0.1211424905348768,0.0,985.9341590398902,0.0,568.0197121373573,0.0,-0.01943086042453715,0.0,-0.15790540929404617,0.00031665511139889477,-0.005856435989742335,0.0007226837537971084,1.1127746822502225,0.0018372616432135833,4.852531058088004,0.0021024629256849916,-1.9556933756709707,0.004468701132992137,-0.03725259287595244,0.011787002514038256,2.5893190294641237,0.0010336769720537139,-0.47902312570747263,0.0021239358772104683,-0.4339680235452826,0.005536012952941449,11333.33333333337,0.0,985.9341590398902,0.0,568.0197121373573,0.0,-0.01943086042453715,0.0,0.952437373816888,0.06568571082142398,-2.1293954695322936,0.21864498921918474,-2.037134420172079,0.17987971926307172,6.16513478464764,0.018347970788087507,0.0,0.0,0.0,0.0,2.956078032611306,0.009653428932863578,0.0,0.0,0.0,0.0,11333.33333333337,0.0,985.9341590398902,0.0,568.0197121373573,0.0,-0.01943086042453715,0.0,0.0,0.0,0.0,0.0,0.0,0.0,4.908305157353004,0.0,0.0,0.0,0.0,0.0,2.6122253680763867,0.0,0.0,0.0,0.0,0.0,11333.33333333337,0.0,0.7120638096993667,0.0008339999996510388,0.0,0.0,0.003608545484742606,0.0006976044966629621,2.0811916584036236,0.0,286.7765083517719,5.371834155190248,5.838456804950866,0.04679514393779282,1.8444967144409088,0.03422701460533914,186.8848739390185,0.004654298612250989,0.9998870897881382,0.0,0.0,0.0,2024-01-31 04:30:47.353503981+00:00,1358.383994,1358.383994
19,g,2024022000275,2024-02-21 01:31:11.210494976,14.341764106092484,14.338016167201936,0.0029647054866468,0.0029990174383085,-13.758481573578369,-13.696998981848168,0.0027052987123919975,0.0028629137376321796,r,2024022000276,2024-02-21 01:31:57.913996032,14.04878481380034,13.892688626236415,0.0028836663089165,0.0027040975456935,-13.776190622878827,-13.912647930488625,0.002648795195885682,0.00233596029687708,46.703501,1.0506005793543904,1.0497039504293175,0.0037479388905481414,0.004217058716431645,-0.06148259173020065,0.003938897839801492,0.15609618756392507,0.0039531854140434294,0.13645730760979724,0.0035316889016918126,0.29297929229214326,0.004135820354383608,0.0177090493004588,0.0037861269277477834,0.4453275409655202,0.004038099693160644,0.2156489486404567,0.0036949946654506976,0.15234824867337693,0.005780247324780994,0.1979398993399979,0.005290344288486902,14.341764106092484,14.04878481380034,-13.696998981848168,-13.776190622878827,,,,,,,,,,,,,,,,,,,,,,,,,,,,,,,,,,,,,,,,,,,,,,,,,,,,,,,,,,,,,,,,,,,,,,,,,,,,,,,,,,,,,,,,,,,,,,,,,,,,,,,,,,,,,,,,,,,,,,,,,,,,,,,,,,,,,,,,,,,,,,,,,,,,,,,,,,,,,,,,,,,,,,,,,,,,,,,
20,g,2024022000279,2024-02-21 01:35:05.121008896,14.309035686632743,14.36107928364036,0.0036712425877689,0.0036733406579842,-13.682343201843867,-13.656464712958915,0.0028915494538625333,0.0029612973633793417,r,2024022000280,2024-02-21 01:35:51.770505984,14.05637797512352,13.855332193753076,0.0032458168429986,0.0030559707166957,-13.714742952965036,-13.896448344446632,0.0027910816870477468,0.002360969575752805,46.649497,1.0462887999225197,1.0454414288635243,-0.05204359700761607,0.005193404829959617,-0.02587848888495259,0.004138881529893089,0.2010457813704427,0.004458058321690625,0.18170539148159648,0.00365572350177139,0.2526577115092241,0.004900341734669276,0.03239975112116866,0.004018854964776162,0.5057470898872829,0.004778324874985106,0.23998363148771773,0.0037872759883573076,0.2530893783780588,0.006844394620961222,0.20758388036654907,0.0055221965412228695,14.36107928364036,14.05637797512352,-13.656464712958915,-13.714742952965036,,,,,,,,,,,,,,,,,,,,,,,,,,,,,,,,,,,,,,,,,,,,,,,,,,,,,,,,,,,,,,,,,,,,,,,,,,,,,,,,,,,,,,,,,,,,,,,,,,,,,,,,,,,,,,,,,,,,,,,,,,,,,,,,,,,,,,,,,,,,,,,,,,,,,,,,,,,,,,,,,,,,,,,,,,,,,,,
21,g,2024030100033,2024-03-02 00:33:42.133491968,14.33229870681384,14.343490250310682,0.003113225911822,0.0032224172553954,-13.694975635518185,-13.69682189857862,0.0026623468533340383,0.002657823456440649,r,2024030100034,2024-03-02 00:34:28.910501888,14.07990313581312,13.90921230784732,0.0028396220615598,0.0027062922338034,-13.744689313167498,-13.946131766990996,0.0026036129535977814,0.0021627157452990793,46.777009,1.074588208229852,1.0734461900789996,-0.011191543496842371,0.004480641532851066,0.0018462630604343389,0.003761929862858128,0.17069082796580126,0.00392268672050697,0.201442453823498,0.0033846919811271916,0.25239557100071863,0.004213742876652188,0.049713677649313226,0.0037238274905800643,0.43427794246336227,0.0042080863373527184,0.2493098684123769,0.003426567512915902,0.18188237146264363,0.005955133890447105,0.19959619076306367,0.005060460068034377,14.343490250310682,14.07990313581312,-13.694975635518185,-13.744689313167498,2933.0,2024-03-02 00:27:37.332001643+00:00,2024030100029.0,-64.0,2.0,1136.0,3.0,True,HD38666,0.000364,holo4_003,0.15622194188133878,187.04751826921765,0.0,78.53018167257747,104.52529432507573,867.8557205398491,507.1250537007472,3.012138936131563,57.95614385179447,7.297307358076216,1.0859051113853317,74.31779265329685,0.0,1.01088130399661,3.1.0,2.0,,30.0,1.01088130399661,-32.3015771945216,9.644878149873994,16.9375,744.95,33.0750007629395,empty,-77.66453935687298,-417.8888145798981,20.85572053984913,519.0,1655.0,847.0,892.0,1136.0,45.0,2.0,22666.666666666668,1.0,0.7641891917543547,0.0002555616257725813,1.0,0.0,0.0,0.0,0.04676086868640101,0.0003437677683982855,2.999997447481573,0.019671101081531892,599.9995791325864,1.6029839075460064,4.313476559243048,0.02005043013508051,1.0,0.0,1.0,0.0,186.9071927994701,0.0029093918551580827,1.2022066093640285,0.007558766517456985,1.326107709177854,0.0,0.19056462771359498,0.0,986.4708890023899,0.0,567.4973284908258,0.0,0.002391673539891441,0.0,-0.617476313425873,0.0004072532887709787,-0.7233104215584277,0.0020580736028675624,1.1580762173094628,0.0026660297749347282,5.542805426579467,0.00169161481146426,-1.7363628697686129,0.00567648599170562,1.4059182984648013,0.008736666928553771,2.3053825862309987,0.0006089176948146163,-0.101246962198766,0.002486137974860873,0.34354477050612003,0.003414901865073669,22666.666666666748,0.0,986.4708890023899,0.0,567.4973284908258,0.0,0.002391673539891441,0.0,1.9987217900387448,0.02628537949601647,6.775570007052445,0.08470613372901087,7.704629090902232,0.06690007344587504,5.222211564842174,0.0031690210730619117,0.0,0.0,0.0,0.0,1.9704122014094236,0.0008467160680436997,0.0,0.0,0.0,0.0,22666.666666666748,0.0,986.4708890023899,0.0,567.4973284908258,0.0,0.002391673539891441,0.0,0.0,0.0,0.0,0.0,0.0,0.0,5.846911339556591,0.0,0.0,0.0,0.0,0.0,2.38778100747779,0.0,0.0,0.0,0.0,0.0,22666.666666666748,0.0,0.8015552740699842,0.006755947072122539,0.0,0.0,0.1,0.00940392000296493,1.8456650756441435,0.22904413263750614,600.0,18.31814799322707,4.637483080191579,0.05870292225223127,1.5953404535535818,0.05053126577745975,186.83488335991177,0.005936307137515305,1.0859051113853317,0.0,0.0,0.0,2024-03-02 00:27:37.332001643+00:00,364.801491,-364.801491
22,g,2024030100109,2024-03-02 01:47:06.135996928,14.317287089164443,14.317495464489618,0.0031304055994828,0.003166571445098,-13.714610635001707,-13.696896046920276,0.002666299207526712,0.00271015867521472,r,2024030100110,2024-03-02 01:47:52.722008064,14.047998854780111,13.84230417924549,0.0029436968737319,0.0027580037453353,-13.761855107153131,-13.955282556457618,0.002596495257265883,0.002172783996937609,46.586011,1.009906966228691,1.00964450501213,-0.00020837532517425927,0.00445270860647576,-0.01771458808143045,0.003801856324073699,0.2056946755346214,0.004033848775512353,0.19342744930448674,0.0033856724469966664,0.2692882343843319,0.004297067663150329,0.04724447215142469,0.0037216849792885208,0.47519128524412757,0.004199257002874863,0.2583865095373419,0.0034736076839778232,0.20590305085979566,0.006008206877087856,0.2111420373859172,0.0050908633282825,14.317495464489618,14.047998854780111,-13.696896046920276,-13.761855107153131,2934.0,2024-03-02 02:07:28.916494320+00:00,2024030100131.0,-64.0,2.0,1137.0,3.0,True,HD38666,0.000364,holo4_003,0.1902544090221373,187.034354242598,0.0,95.33659729208715,101.06953015978529,866.9041404646578,507.1250537007472,3.7041409150196136,59.07286131515438,6.02587985976005,1.1803909224213192,60.54982528477826,0.0,1.14890147494442,3.1.0,2.0,,30.0,1.14890147494442,-32.3129847542105,34.67071646046469,16.5249996185303,745.25,33.7249984741211,empty,84.808192007755,-416.3943904333191,17.904140464657786,515.0,1652.0,849.0,894.0,1137.0,45.0,2.0,22666.666666666668,1.0,0.748115497587153,0.0002669455962221508,1.0,0.0,0.0,0.0,0.039604593055922885,0.00032743477024754596,2.999845008375982,0.02175803652342222,600.0,1.4539727426827098,4.46005936689629,0.019187261134182673,1.0,0.0,1.0,0.0,187.01976170782763,0.0035983022818300288,1.538208570309923,0.01524862285431135,-0.7921018812565322,0.0,0.19826829811470972,0.0,985.5842005988401,0.0,568.008910088852,0.0,-0.00895686197259574,0.0,-0.47876040268162967,0.00032520855745048026,-0.010447857706106666,0.0014225791232625388,1.941455054403615,0.0019266112368502895,4.543273755991694,0.0012711419533381538,-2.3933254583840795,0.00368970523494812,0.46287014926538583,0.006274660139397321,2.085529764924394,0.00043179172577597355,-0.4810958727927546,0.0014759324798005549,-0.07242730451514849,0.0022049951188550074,22666.66666666674,0.0,985.5842005988401,0.0,568.008910088852,0.0,-0.00895686197259574,0.0,0.5570769594672754,0.023714316674182247,2.9471016661466103,0.07618239761887015,3.863511522524717,0.060221627088182274,4.190746887963162,0.0024519343135833123,0.0,0.0,0.0,0.0,1.8906392060675796,0.0008015285277076063,0.0,0.0,0.0,0.0,22666.66666666674,0.0,985.5842005988401,0.0,568.008910088852,0.0,-0.00895686197259574,0.0,0.0,0.0,0.0,0.0,0.0,0.0,4.685149041054764,0.0,0.0,0.0,0.0,0.0,2.1225654684223993,0.0,0.0,0.0,0.0,0.0,22666.66666666674,0.0,0.796885929657512,0.010334135723500571,0.0,0.0,0.1,0.012143989731933822,1.5500869701088438,0.24744214184806107,579.2321565770965,16.52894754436389,4.05401949357842,0.053568245321479295,1.7856380940040975,0.045409728837536883,186.97193019839975,0.008368173350416161,1.1803909224213192,0.0,0.0,0.0,2024-03-02 02:07:28.916494320+00:00,1222.780497,1222.780497
23,g,2024030500541,2024-03-06 05:33:07.537999872,14.32504541848923,14.349152866747092,0.0033750346673317,0.0034960445504212,-13.61454876577017,-13.608585600012638,0.0028144484603359454,0.0028299487223910065,r,2024030500542,2024-03-06 05:33:54.176998912,14.075350121090338,13.859102921387551,0.0029544226833088,0.0028547392624609,-13.70422143678901,-13.896733162746557,0.0026771502024278164,0.0022421674716322513,46.638999,1.419048593427919,1.422932792604903,-0.02410744825786182,0.004859340130534245,-0.005963165757531641,0.003991206572861127,0.21624719970278683,0.004108302526383052,0.19251172595754618,0.0034920550077576183,0.24969529739889218,0.00448547348641594,0.08967267101884069,0.0038843600943072555,0.49004994535954083,0.004513520106875074,0.2881475627339185,0.0036105297038257766,0.24035464796064865,0.006363280298125012,0.19847489171507782,0.005303223367392224,14.349152866747092,14.075350121090338,-13.608585600012638,-13.70422143678901,,,,,,,,,,,,,,,,,,,,,,,,,,,,,,,,,,,,,,,,,,,,,,,,,,,,,,,,,,,,,,,,,,,,,,,,,,,,,,,,,,,,,,,,,,,,,,,,,,,,,,,,,,,,,,,,,,,,,,,,,,,,,,,,,,,,,,,,,,,,,,,,,,,,,,,,,,,,,,,,,,,,,,,,,,,,,,,
24,g,2024031300117,2024-03-14 03:59:31.179500032,14.315668071136436,14.33106336375578,0.0033636775932608,0.003476925377531,-13.627621555089895,-13.614148336209219,0.0028121337215048447,0.0028472477327446356,r,2024031300118,2024-03-14 04:00:17.753505024,14.066019267866183,13.885774203963724,0.0031107866153583,0.0029851194214801,-13.595159222766293,-13.78408892999208,0.0029124998152339336,0.002447338394554982,46.574004,1.1882146009531291,1.190308648614368,-0.015395292619343692,0.004837699559948287,-0.01347321888067654,0.004001864030579269,0.18024506390245953,0.004311372325233583,0.18892970722578717,0.0038042240195867347,0.24964880327025263,0.004581628566099298,-0.03246233232360218,0.00404854927614354,0.44528915979205586,0.004582570025806127,0.16994059378286153,0.0037545019468742356,0.19564035652180323,0.006480067002671646,0.2024029261064637,0.0055215066884361196,14.33106336375578,14.066019267866183,-13.614148336209219,-13.595159222766293,3108.0,2024-03-14 03:38:39.447999006+00:00,2024031300102.0,-64.0,2.0,1136.0,3.0,True,HD185975,-6.5e-05,holo4_003,0.12500130481226968,187.07199640925876,0.0,-151.7219072623967,103.25418286924149,880.3058689227302,619.6434547793207,10.722906028194089,59.7039116694863,5.25345469936629,1.1087553983413292,1.5459731995124146,0.0,2.12648644902228,3.1.0,2.0,,60.0,2.12648644902228,-87.4662310794051,-151.04545153246747,18.7250003814697,743.6,6.82499980926514,empty,-27.253717436643,-417.2708394017953,19.305868922730113,517.0,1653.0,861.0,906.0,1136.0,45.0,2.0,11333.333333333334,1.0,0.19225259996690924,0.00014339120593398816,1.0,0.0,0.0,0.0,0.0,0.0004447849796071406,1.612146332094747,0.0,252.04077159691462,2.0603695104216566,3.289761207142772,0.020457771601272386,1.0,0.0,1.0,0.0,187.03555824722883,0.005633351253514731,1.34341661643064,0.03002445233702475,0.016595943685105127,0.0,0.12346609080378972,0.0,985.8838825782796,0.0,567.520144606079,0.0,-0.019849611899976354,0.0,-0.13025531133677717,0.00016075127002357096,-0.010801812018905049,0.00038696343051070395,1.0001226156824237,0.0009806578367302812,4.094292704173459,0.000959119860379015,-1.2087288448818272,0.002209966041112107,0.8122369448531571,0.005812595913387899,2.24529315694151,0.0004503843029273571,-0.288641086615644,0.0010247662433267206,-0.00445963727468569,0.002626310009500014,11333.33333333337,0.0,985.8838825782796,0.0,567.520144606079,0.0,-0.019849611899976354,0.0,1.6132110405065279,0.03865903650387552,0.45894723766949297,0.13017053635477707,0.005694415619530666,0.10812483277079185,5.235076119484537,0.008142045977922716,0.0,0.0,0.0,0.0,2.4472027841222377,0.0036344959273311686,0.0,0.0,0.0,0.0,11333.33333333337,0.0,985.8838825782796,0.0,567.520144606079,0.0,-0.019849611899976354,0.0,0.0,0.0,0.0,0.0,0.0,0.0,4.106287337103083,0.0,0.0,0.0,0.0,0.0,2.249932601827254,0.0,0.0,0.0,0.0,0.0,11333.33333333337,0.0,0.1947156328774282,0.00019068458608680614,0.0,0.0,0.0,0.0005156806209611203,3.0,0.0,279.300917455968,5.607515916029198,3.4408408137441424,0.03413202933640572,2.1160140819060307,0.03099938797219276,186.81958757628493,0.005809432432177667,1.1087553983413292,0.0,0.0,0.0,2024-03-14 03:38:39.447999006+00:00,1251.731502,-1251.731502
25,g,2024032100267,2024-03-22 04:56:32.069494016,14.357541994351504,14.388289109800418,0.003462874488092,0.0035088616814245,-13.652536443208403,-13.636089951147419,0.0030352016293137244,0.003081528179105972,r,2024032100268,2024-03-22 04:57:18.768495104,14.036551839263929,13.868270869828784,0.0028829853358816,0.0027824830290059,-13.756424824425224,-13.930197637774581,0.0027365602090212,0.0023318246150974124,46.699001,1.5701176041910414,1.5752392163848938,-0.030747115448914286,0.004929869168613666,-0.01644649206098414,0.004325305174113481,0.1682809694351448,0.004006721384575447,0.17377281334935724,0.0035952980145145617,0.3209901550875749,0.0045058965996998615,0.1038883812168212,0.004086711478461238,0.520018239971634,0.0044782052326880935,0.2941076866271626,0.0038643527212456116,0.1990280848840591,0.006352749504998745,0.19021930541034138,0.0056244495430562095,14.388289109800418,14.036551839263929,-13.636089951147419,-13.756424824425224,3146.0,2024-03-22 05:06:55.780495228+00:00,2024032100277.0,-64.0,2.0,1136.0,3.0,True,HD185975,-6.5e-05,holo4_003,0.12471864256551642,187.0644543375152,0.0,-122.34940034865272,99.32987505560823,877.1898629771661,619.6434547793207,0.8574730683694836,215.17948408166373,4.096621613892511,1.1504489276707996,40.11796684669799,0.0,2.06770726694565,3.1.0,2.0,,60.0,2.06770726694565,-87.4667273859,-121.12635917456348,15.5249996185303,744.95,19.1375007629395,empty,-56.88332191726897,-417.2088685532895,19.1898629771661,513.0,1649.0,858.0,903.0,1136.0,45.0,2.0,11333.333333333334,1.0,0.7026300586075483,0.00019859218430906482,1.0,0.0,0.0,0.0,0.0,0.0001641923230653911,2.2385502456849644,0.0,296.3384406346725,1.158977826518274,7.300485006952485,0.015754670607339732,1.0,0.0,1.0,0.0,186.93517103978158,0.0025002862087904936,1.1078720032581795,0.012334928904013207,-0.4198048636171963,0.0,0.1415212037773833,0.0,985.8638588146739,0.0,567.5196249880779,0.0,-0.019342461673029054,0.0,-0.18849600723988297,0.00022868958658448502,-0.16365467384262572,0.00046123766322609495,1.0997598488626468,0.0012122605746143406,3.9970776422661776,0.001602461261469284,-3.1504065913903174,0.00374949037205444,-0.054357175999939646,0.007686198160563019,2.995879772129538,0.0011989672233779117,-1.4888332173147694,0.002810550424237838,-0.4604927895123194,0.005554292859746886,11333.333333333369,0.0,985.8638588146739,0.0,567.5196249880779,0.0,-0.019342461673029054,0.0,2.930624822754225,0.036499308836453914,5.104488437755376,0.12019677991984928,4.028574325665478,0.09791416777863567,3.4641311262793075,0.005960221087085641,0.0,0.0,0.0,0.0,2.5474993742109935,0.004254176017853185,0.0,0.0,0.0,0.0,11333.333333333369,0.0,985.8638588146739,0.0,567.5196249880779,0.0,-0.019342461673029054,0.0,0.0,0.0,0.0,0.0,0.0,0.0,4.2130733718162245,0.0,0.0,0.0,0.0,0.0,3.1608656266355135,0.0,0.0,0.0,0.0,0.0,11333.333333333369,0.0,0.8658020817960003,0.0007396964730675746,0.0,0.0,0.1,0.0,0.05282968736193652,0.010140608905982484,344.2601154499333,5.6069428903992735,7.485806607179226,0.04802171040960782,1.8253847291337908,0.025800697285351323,186.80703932179054,0.00409028569443721,1.1504489276707996,0.0,0.0,0.0,2024-03-22 05:06:55.780495228+00:00,623.711001,623.711001
26,g,2024032500250,2024-03-26 04:42:38.389507072,14.33223426596382,14.351643199297042,0.0040249927285191,0.0041127677390808,-13.643278028726282,-13.623245617707243,0.0032873759426169276,0.0033485927839794235,r,2024032500251,2024-03-26 04:43:25.006508032,14.047983768704013,13.829788109251773,0.0030020964072102,0.0028584809859723,-13.734806365259562,-13.920512050853828,0.00289049594467706,0.0024360718323048584,46.617,1.5822234375157531,1.5874406456551124,-0.019408933333222578,0.00575460032845509,-0.020032411019039742,0.0046925381427342285,0.21819565945224006,0.004145298105727688,0.18570568559426626,0.003780133963015554,0.2842504972598068,0.0050212696903090175,0.09152833653327974,0.004377420175661809,0.5218550900452694,0.005008569858032228,0.29726643314658574,0.004140956363579339,0.23760459278546264,0.007092173244190034,0.205738096613306,0.00602572211434939,14.351643199297042,14.047983768704013,-13.623245617707243,-13.734806365259562,,,,,,,,,,,,,,,,,,,,,,,,,,,,,,,,,,,,,,,,,,,,,,,,,,,,,,,,,,,,,,,,,,,,,,,,,,,,,,,,,,,,,,,,,,,,,,,,,,,,,,,,,,,,,,,,,,,,,,,,,,,,,,,,,,,,,,,,,,,,,,,,,,,,,,,,,,,,,,,,,,,,,,,,,,,,,,,
27,g,2024032700441,2024-03-28 04:38:16.180507904,14.291218694033814,14.362994135728147,0.0036182183533867,0.0037100551557944,-13.647095641861991,-13.6046827270627,0.0030354031449947878,0.003156323767961227,r,2024032700442,2024-03-28 04:39:02.729003008,14.066571751054838,13.884849038893297,0.0029849278915439,0.0028781759167802,-13.736140601969646,-13.901285881950598,0.0027597953265765685,0.0023703843049689226,46.548495,1.605931084870793,1.611338589931423,-0.07177544169433325,0.005182278775965355,-0.0424129147992911,0.0043790469260834835,0.181722712161541,0.0041465275985636775,0.1651452799809512,0.0036380203404924594,0.22464694297897658,0.004690554185861312,0.08904496010765506,0.0041024556666999,0.47814509683485085,0.004695573007309135,0.29660315488789735,0.00394729039740427,0.25349815385587426,0.0066369951361645,0.2075581947802423,0.005693087385477065,14.362994135728147,14.066571751054838,-13.6046827270627,-13.736140601969646,3201.0,2024-03-28 04:48:41.313000659+00:00,2024032700451.0,-64.0,2.0,1136.0,3.0,True,HD185975,-6.5e-05,holo4_003,0.12222384791337676,187.07075346855842,0.0,-120.89819509051947,101.9629232199573,883.9697676722243,619.6434547793207,14.827314520012534,58.96553942741943,6.207970752954662,1.1273716076910374,7.600239179313752,0.0,2.06449596311724,3.1.0,2.0,,60.0,2.06449596311724,-87.4578912918773,-119.65060557463744,13.8500003814697,745.25,31.5750007629395,empty,-58.198224186150014,-417.60888098775143,18.96976767222428,516.0,1652.0,865.0,910.0,1136.0,45.0,2.0,11333.333333333334,1.0,0.709642082653588,0.0002958285232281738,1.0,0.0,0.0,0.0,0.0,0.000252725041767234,1.3891721022395251,0.0,288.2046940591635,1.0890893868299838,4.7359423291024925,0.012352997620179726,1.0,0.0,1.0,0.0,187.1200513116917,0.0019305239178333644,0.22837871535613213,0.011842459817420048,-0.12426644740073248,0.0,0.1251968478710116,0.0,986.2405027645889,0.0,567.5193515653914,0.0,-0.01906265530165667,0.0,-0.15515862288199503,0.0003488288154664368,-0.03303008468629908,0.0008319818548339714,1.022848525676714,0.0020461175090530515,5.3996053225796246,0.0024175080386810324,-2.5846919542069413,0.0054297981783894365,0.7162555098591801,0.014343975470030502,2.593459665169496,0.0010912837252772466,-0.6710012444735984,0.0024323897298298156,-0.032090287301527694,0.0064203636858634104,11333.333333333369,0.0,986.2405027645889,0.0,567.5193515653914,0.0,-0.01906265530165667,0.0,0.02380964355824873,0.07989620397164772,-6.146409863210223,0.2640631478598483,-6.515177399973979,0.2154862116921854,5.413209774122525,0.015293858492316913,0.0,0.0,0.0,0.0,2.331617921027222,0.0060033352013768755,0.0,0.0,0.0,0.0,11333.333333333369,0.0,986.2405027645889,0.0,567.5193515653914,0.0,-0.01906265530165667,0.0,0.0,0.0,0.0,0.0,0.0,0.0,5.5051417954448985,0.0,0.0,0.0,0.0,0.0,2.6436616505523913,0.0,0.0,0.0,0.0,0.0,11333.333333333369,0.0,0.7149498504039776,0.001019497428262535,0.0,0.0,0.0022929735475121,0.0008652203759427127,1.6105192019301804,0.0,308.2813258173665,5.571859546932786,5.054523891889835,0.04331792851780297,2.7204286348767774,0.03732306635944376,186.8042389727266,0.005553443108951066,1.1273716076910374,0.0,0.0,0.0,2024-03-28 04:48:41.313000659+00:00,625.132492,625.132492
28,g,2024041000446,2024-04-11 02:46:44.595504896,14.306897368128151,14.333818083245689,0.0030737745647441,0.0032078831169138,-13.68838541503855,-13.64497459786659,0.0026435291712200923,0.002751366429989319,r,2024041000447,2024-04-11 02:47:31.196506112,14.042450104215373,13.88695693301938,0.002871932978432,0.0027880462944119,-13.770152489050693,-13.916359976013037,0.002537378223694993,0.0022176970233539466,46.601001,1.3100230655732377,1.3130526714481232,-0.02692071511753724,0.004442814892233119,-0.04341081717196005,0.003815529283227133,0.15549317119599237,0.004002649269220228,0.14620748696234465,0.0033699359545063335,0.2644472639127784,0.004206671975264185,0.08176707401214323,0.0036642236188820605,0.446861150226308,0.004250143083657835,0.2713853781464479,0.0035338643606489945,0.18241388631352962,0.005979950278977042,0.1896183041343047,0.005090651436568632,14.333818083245689,14.042450104215373,-13.64497459786659,-13.770152489050693,,,,,,,,,,,,,,,,,,,,,,,,,,,,,,,,,,,,,,,,,,,,,,,,,,,,,,,,,,,,,,,,,,,,,,,,,,,,,,,,,,,,,,,,,,,,,,,,,,,,,,,,,,,,,,,,,,,,,,,,,,,,,,,,,,,,,,,,,,,,,,,,,,,,,,,,,,,,,,,,,,,,,,,,,,,,,,,
29,g,2024041000458,2024-04-11 02:58:23.175501056,14.32082673213912,14.34217537097916,0.0037205047334069,0.0037609837422556,-13.668896138346225,-13.639632835829012,0.0027739441992734506,0.0028497255851448445,r,2024041000459,2024-04-11 02:59:10.103005952,14.0668846030079,13.856267242043064,0.0031535418079082,0.0030127957784527,-13.751040216188873,-13.93293544314291,0.0026577649335410482,0.002247804189242891,46.927504,1.3570695193324311,1.3604869662208985,-0.021348638840040124,0.005290288667059113,-0.02926330251721332,0.0039768960674515935,0.21061736096483585,0.004361394769667993,0.18189522695403681,0.003480853072903012,0.25394212913121983,0.004877189908700302,0.08214407784264743,0.003841676829542443,0.4859081289360958,0.004818914515964497,0.29330260731389757,0.003629539858412774,0.23196599980487598,0.00685630501930168,0.21115852947125013,0.005285077146688617,14.34217537097916,14.0668846030079,-13.639632835829012,-13.751040216188873,,,,,,,,,,,,,,,,,,,,,,,,,,,,,,,,,,,,,,,,,,,,,,,,,,,,,,,,,,,,,,,,,,,,,,,,,,,,,,,,,,,,,,,,,,,,,,,,,,,,,,,,,,,,,,,,,,,,,,,,,,,,,,,,,,,,,,,,,,,,,,,,,,,,,,,,,,,,,,,,,,,,,,,,,,,,,,,
30,g,2024041600418,2024-04-17 02:45:34.437501952,14.351219510629662,14.333220551890706,0.0029754234691902,0.0030701396013869,-13.664325868920635,-13.634501546880177,0.002818854969514749,0.002897360004348614,r,2024041600419,2024-04-17 02:46:21.279994880,14.08271505805881,13.871819130916824,0.0027777065631117,0.0026560172705025,-13.738475843191296,-13.925453716410221,0.0026755410656562513,0.0022522701024183353,46.842492,1.4073854643303978,1.4111936777109295,0.017998958738955295,0.0042753832568568585,-0.02982432204045793,0.004042355542744477,0.21089592714198524,0.0038431863722647335,0.18697787321892534,0.0034973190601174046,0.268504452570852,0.004070478911843379,0.07414997427066083,0.0038864461057849476,0.4614014209738819,0.004059579401023173,0.2909521695300441,0.0036697977613277958,0.19289696840302994,0.005748824530716981,0.21680219525938327,0.0053452669664122,14.351219510629662,14.08271505805881,-13.634501546880177,-13.738475843191296,,,,,,,,,,,,,,,,,,,,,,,,,,,,,,,,,,,,,,,,,,,,,,,,,,,,,,,,,,,,,,,,,,,,,,,,,,,,,,,,,,,,,,,,,,,,,,,,,,,,,,,,,,,,,,,,,,,,,,,,,,,,,,,,,,,,,,,,,,,,,,,,,,,,,,,,,,,,,,,,,,,,,,,,,,,,,,,
31,g,2024041600426,2024-04-17 02:53:30.753008896,14.338393779010325,14.325664686515571,0.0034047499841795,0.0034514040505996,-13.663284362758203,-13.649662959189236,0.002876636079281508,0.0029129530480278567,r,2024041600427,2024-04-17 02:54:17.623493888,14.081692149011396,13.82283461773978,0.0029376967622628,0.0027828507720282,-13.756198303687183,-13.945319424578981,0.0026912162282252583,0.002260997825135309,46.870484,1.4468142632980676,1.4509413030742893,0.012729092494753402,0.004848145251048656,-0.013621403568967239,0.004093938274160819,0.2588575312716159,0.004046519576918823,0.189121120891798,0.003514933278503247,0.2567016299989291,0.004496930588943934,0.09291394092898031,0.003939248649131846,0.5028300687757916,0.004433559330816864,0.29565646538974555,0.003687466152425182,0.24612843877686252,0.0063149689675922336,0.20274252446076524,0.005395839744188892,14.338393779010325,14.081692149011396,-13.649662959189236,-13.756198303687183,,,,,,,,,,,,,,,,,,,,,,,,,,,,,,,,,,,,,,,,,,,,,,,,,,,,,,,,,,,,,,,,,,,,,,,,,,,,,,,,,,,,,,,,,,,,,,,,,,,,,,,,,,,,,,,,,,,,,,,,,,,,,,,,,,,,,,,,,,,,,,,,,,,,,,,,,,,,,,,,,,,,,,,,,,,,,,,
32,g,2024041700405,2024-04-18 02:32:12.082504960,14.364391849657226,14.314720021188446,0.0029855335680962,0.0030577312867088,-13.677367650937072,-13.663512751281615,0.002824032601619423,0.0028603005256552256,r,2024041700406,2024-04-18 02:32:58.908005120,14.052746688431306,13.80086369126348,0.0027263136732944,0.0026068775524345,-13.754410623454831,-13.944693528634595,0.0026660907465747624,0.002237493413073927,46.8255,1.3636810464452105,1.3671426909399378,0.04967182846877982,0.004273538499644888,-0.013854899655456165,0.0040195123127156765,0.2518829971678258,0.0037720812317047062,0.19028290517976387,0.003480577055966551,0.3116451612259201,0.004043043028638359,0.07704297251775927,0.00388370956740858,0.5138563299249661,0.004018150220574729,0.2811807773529793,0.0036314867300615006,0.20221116869904598,0.005700151588030443,0.20413780483522004,0.005317038261531857,14.364391849657226,14.052746688431306,-13.663512751281615,-13.754410623454831,,,,,,,,,,,,,,,,,,,,,,,,,,,,,,,,,,,,,,,,,,,,,,,,,,,,,,,,,,,,,,,,,,,,,,,,,,,,,,,,,,,,,,,,,,,,,,,,,,,,,,,,,,,,,,,,,,,,,,,,,,,,,,,,,,,,,,,,,,,,,,,,,,,,,,,,,,,,,,,,,,,,,,,,,,,,,,,
33,g,2024041700409,2024-04-18 02:36:06.737506048,14.34039859691258,14.287457132079377,0.0032205800797879,0.0032905384721013,-13.679705248273317,-13.678246097431646,0.0028269846429892294,0.0028307864597601103,r,2024041700410,2024-04-18 02:36:53.359492096,14.02476537665258,13.828660321701747,0.0028650242239009,0.002759141728701,-13.761052498489928,-13.950962084211476,0.002665663430832083,0.0022379041405868006,46.621986,1.3809842224870348,1.3845660996448963,0.05294146483320361,0.004604321827012681,-0.0014591508416703647,0.004000649216372028,0.19610505495083252,0.003977590587604271,0.1899095857215478,0.003480513822545605,0.3156332202600005,0.004310510393661706,0.08134725021661104,0.0038855634981521552,0.4587968103776294,0.004294241087251378,0.2727159867798292,0.0036085408301994764,0.1431635901176289,0.006084488998207121,0.19136873656321818,0.005302751231331632,14.34039859691258,14.02476537665258,-13.678246097431646,-13.761052498489928,,,,,,,,,,,,,,,,,,,,,,,,,,,,,,,,,,,,,,,,,,,,,,,,,,,,,,,,,,,,,,,,,,,,,,,,,,,,,,,,,,,,,,,,,,,,,,,,,,,,,,,,,,,,,,,,,,,,,,,,,,,,,,,,,,,,,,,,,,,,,,,,,,,,,,,,,,,,,,,,,,,,,,,,,,,,,,,
34,g,2024041700413,2024-04-18 02:40:01.200498944,14.346782983361752,14.34959510863198,0.0030499925943403,0.0030998470244369,-13.692926975998684,-13.670196416311285,0.0028426854254334295,0.0029028261499095117,r,2024041700414,2024-04-18 02:40:48.078990080,14.070482219758173,13.81612287294603,0.0029330883581894,0.0028000875339093,-13.773688407528159,-13.953586640857385,0.0026787008971256875,0.0022696815628993937,46.878491,1.3989510544306036,1.4026944688542815,-0.0028121252702284494,0.004348736184277103,-0.022730559687399676,0.004062912758670818,0.25435934681214256,0.004055058262775081,0.17989823332922583,0.0035109675152623383,0.27630076360357947,0.004231484626283884,0.08076143152947424,0.0039059312492968437,0.5334722356859505,0.0041772648674060124,0.28339022454609974,0.0036848139781492243,0.257171472082371,0.005946007392775544,0.2026287930166255,0.0053697442190292,14.34959510863198,14.070482219758173,-13.670196416311285,-13.773688407528159,,,,,,,,,,,,,,,,,,,,,,,,,,,,,,,,,,,,,,,,,,,,,,,,,,,,,,,,,,,,,,,,,,,,,,,,,,,,,,,,,,,,,,,,,,,,,,,,,,,,,,,,,,,,,,,,,,,,,,,,,,,,,,,,,,,,,,,,,,,,,,,,,,,,,,,,,,,,,,,,,,,,,,,,,,,,,,,
35,g,2024041800083,2024-04-19 02:49:56.259508992,14.30761070198027,14.325713251659204,0.0033693919693474,0.0034732401787082,-13.657061382956428,-13.643183259002178,0.002923326639640686,0.0029609330921688275,r,2024041800088,2024-04-19 02:54:43.037006080,14.047700678490722,13.733688478093583,0.0031367704873221,0.0030052537634632,-13.748727188161272,-13.929109820808634,0.002735515420199328,0.0023167870351701717,286.777497,1.470540620462408,1.497105023853377,-0.01810254967893421,0.0048390287850038375,-0.013878123954249588,0.00416088493211881,0.31401220039713884,0.004344062530966221,0.18038263264736187,0.0035847659310589445,0.2599100234895477,0.004603491211378347,0.09166580520484402,0.004003608779111816,0.5920247735656208,0.004592923635529192,0.2859265618064555,0.0037596046258394048,0.33211475007607305,0.006502851594111646,0.19426075660161146,0.005492131662552735,14.325713251659204,14.047700678490722,-13.643183259002178,-13.748727188161272,,,,,,,,,,,,,,,,,,,,,,,,,,,,,,,,,,,,,,,,,,,,,,,,,,,,,,,,,,,,,,,,,,,,,,,,,,,,,,,,,,,,,,,,,,,,,,,,,,,,,,,,,,,,,,,,,,,,,,,,,,,,,,,,,,,,,,,,,,,,,,,,,,,,,,,,,,,,,,,,,,,,,,,,,,,,,,,
36,g,2024041800087,2024-04-19 02:53:56.266504960,14.351781955867908,14.3624213638351,0.0039548405868453,0.0039937883901856,-13.651504825486537,-13.64403969495715,0.0029551334544347,0.0029755218976492874,r,2024041800088,2024-04-19 02:54:43.037006080,14.047700678490722,13.733688478093583,0.0031367704873221,0.0030052537634632,-13.748727188161272,-13.929109820808634,0.002735515420199328,0.0023167870351701717,46.770501,1.4926185362714994,1.497105023853377,-0.010639407967191872,0.005620596923187089,-0.0074651305293862436,0.00419363139735833,0.31401220039713884,0.004344062530966221,0.18038263264736187,0.0035847659310589445,0.30408127737718615,0.005047781013226882,0.09722236267473505,0.004026891896694952,0.6287328857415169,0.004998189260961515,0.28507012585148317,0.0037711049746358177,0.3246516083643307,0.0071036602569298606,0.18784776317674812,0.005516982062449586,14.3624213638351,14.047700678490722,-13.64403969495715,-13.748727188161272,,,,,,,,,,,,,,,,,,,,,,,,,,,,,,,,,,,,,,,,,,,,,,,,,,,,,,,,,,,,,,,,,,,,,,,,,,,,,,,,,,,,,,,,,,,,,,,,,,,,,,,,,,,,,,,,,,,,,,,,,,,,,,,,,,,,,,,,,,,,,,,,,,,,,,,,,,,,,,,,,,,,,,,,,,,,,,,
